;Unnamed: 0_x;Prod_MA;Messmaschine_x;Part_SNR_x;Part_STL_x;Part_Name_x;Prod_Maschine_x;AVO_x;Mess_Prog_x;Merkmal_x;UG_x;OG_x;Einheit_x;Spindel_x;Messzeitpunkt_x;Istwert_x;Stichprobe_x;Istwert2_x;Istwert4_x;Unnamed: 0_y;Messmaschine_y;Part_SNR_y;Part_STL_y;Part_Name_y;Prod_Maschine_y;AVO_y;Mess_Prog_y;Merkmal_y;UG_y;OG_y;Einheit_y;Spindel_y;Messzeitpunkt_y;Istwert_y;Stichprobe_y;Istwert2_y;Istwert4_y
0;0;505050_1;777777;324049916;4711;Siemenslufthaken;505050;10;1111;101_4v5_A4_A4_DM;5,8;6,2;mm;1;2020-02-19 01:14:55.000504;6,0678843;1;1,0;6,0678843;0;777777;324049916;4711;Siemenslufthaken;505050;10;1111;101_4v5_A4_A4_DM;5,8;6,2;mm;1;2020-02-19 01:14:55.000504;6,0678843;1;1,0;6,0678843
1;0;505050_1;777777;324049916;4711;Siemenslufthaken;505050;10;1111;101_4v5_A4_A4_DM;5,8;6,2;mm;1;2020-02-19 01:14:55.000504;6,0678843;1;1,0;6,0678843;1;777777;324049916;4711;Siemenslufthaken;505050;10;1111;101_4v5_A4_A4_DM;5,8;6,2;mm;1;2020-02-19 01:14:56.000504;6,03;1;6,03;6,03
2;0;505050_1;777777;324049916;4711;Siemenslufthaken;505050;10;1111;101_4v5_A4_A4_DM;5,8;6,2;mm;1;2020-02-19 01:14:55.000504;6,0678843;1;1,0;6,0678843;2;777777;324049916;4711;Siemenslufthaken;505050;10;1111;101_4v5_A4_A4_DM;5,8;6,2;mm;1;2020-02-19 01:14:57.000504;6,04;1;6,04;6,04
3;0;505050_1;777777;324049916;4711;Siemenslufthaken;505050;10;1111;101_4v5_A4_A4_DM;5,8;6,2;mm;1;2020-02-19 01:14:55.000504;6,0678843;1;1,0;6,0678843;3;777777;324049916;4711;Siemenslufthaken;505050;10;1111;101_4v5_A4_A4_DM;5,8;6,2;mm;1;2020-02-19 01:14:58.000504;6,0;2;6,0;12,0
4;0;505050_1;777777;324049916;4711;Siemenslufthaken;505050;10;1111;101_4v5_A4_A4_DM;5,8;6,2;mm;1;2020-02-19 01:14:55.000504;6,0678843;1;1,0;6,0678843;4;777777;324049916;4711;Siemenslufthaken;505050;10;1111;101_4v5_A4_A4_DM;5,8;6,2;mm;1;2020-02-19 01:14:59.000504;5,94;2;5,94;5,94
5;0;505050_1;777777;324049916;4711;Siemenslufthaken;505050;10;1111;101_4v5_A4_A4_DM;5,8;6,2;mm;1;2020-02-19 01:14:55.000504;6,0678843;1;1,0;6,0678843;5;777777;324049916;4711;Siemenslufthaken;505050;10;1111;101_4v5_A4_A4_DM;5,8;6,2;mm;1;2020-02-19 01:15:00.000504;6,322928;2;6,322928;6,322928
6;0;505050_1;777777;324049916;4711;Siemenslufthaken;505050;10;1111;101_4v5_A4_A4_DM;5,8;6,2;mm;1;2020-02-19 01:14:55.000504;6,0678843;1;1,0;6,0678843;6;777777;324049916;4711;Siemenslufthaken;505050;10;1111;101_4v5_A4_A4_DM;5,8;6,2;mm;1;2020-02-19 01:15:20.000504;6,0;3;6,0;6,0
7;0;505050_1;777777;324049916;4711;Siemenslufthaken;505050;10;1111;101_4v5_A4_A4_DM;5,8;6,2;mm;1;2020-02-19 01:14:55.000504;6,0678843;1;1,0;6,0678843;7;777777;324049916;4711;Siemenslufthaken;505050;10;1111;101_4v5_A4_A4_DM;5,8;6,2;mm;1;2020-02-19 01:15:21.000505;6,2;3;6,2;6,2
8;0;505050_1;777777;324049916;4711;Siemenslufthaken;505050;10;1111;101_4v5_A4_A4_DM;5,8;6,2;mm;1;2020-02-19 01:14:55.000504;6,0678843;1;1,0;6,0678843;8;777777;324049916;4711;Siemenslufthaken;505050;10;1111;101_4v5_A4_A4_DM;5,8;6,2;mm;1;2020-02-19 01:15:22.000506;6,05;3;6,05;6,05
9;0;505050_1;777777;324049916;4711;Siemenslufthaken;505050;10;1111;101_4v5_A4_A4_DM;5,8;6,2;mm;1;2020-02-19 01:14:55.000504;6,0678843;1;1,0;6,0678843;9;777777;324049916;4711;Siemenslufthaken;505050;10;1111;101_4v5_A4_A4_DM;5,8;6,2;mm;1;2020-02-19 01:15:25.000507;6,003;4;11,3;6,003
10;1;505050_1;777777;324049916;4711;Siemenslufthaken;505050;10;1111;101_4v5_A4_A4_DM;5,8;6,2;mm;1;2020-02-19 01:14:56.000504;6,03;1;6,03;6,03;0;777777;324049916;4711;Siemenslufthaken;505050;10;1111;101_4v5_A4_A4_DM;5,8;6,2;mm;1;2020-02-19 01:14:55.000504;6,0678843;1;1,0;6,0678843
11;1;505050_1;777777;324049916;4711;Siemenslufthaken;505050;10;1111;101_4v5_A4_A4_DM;5,8;6,2;mm;1;2020-02-19 01:14:56.000504;6,03;1;6,03;6,03;1;777777;324049916;4711;Siemenslufthaken;505050;10;1111;101_4v5_A4_A4_DM;5,8;6,2;mm;1;2020-02-19 01:14:56.000504;6,03;1;6,03;6,03
12;1;505050_1;777777;324049916;4711;Siemenslufthaken;505050;10;1111;101_4v5_A4_A4_DM;5,8;6,2;mm;1;2020-02-19 01:14:56.000504;6,03;1;6,03;6,03;2;777777;324049916;4711;Siemenslufthaken;505050;10;1111;101_4v5_A4_A4_DM;5,8;6,2;mm;1;2020-02-19 01:14:57.000504;6,04;1;6,04;6,04
13;1;505050_1;777777;324049916;4711;Siemenslufthaken;505050;10;1111;101_4v5_A4_A4_DM;5,8;6,2;mm;1;2020-02-19 01:14:56.000504;6,03;1;6,03;6,03;3;777777;324049916;4711;Siemenslufthaken;505050;10;1111;101_4v5_A4_A4_DM;5,8;6,2;mm;1;2020-02-19 01:14:58.000504;6,0;2;6,0;12,0
14;1;505050_1;777777;324049916;4711;Siemenslufthaken;505050;10;1111;101_4v5_A4_A4_DM;5,8;6,2;mm;1;2020-02-19 01:14:56.000504;6,03;1;6,03;6,03;4;777777;324049916;4711;Siemenslufthaken;505050;10;1111;101_4v5_A4_A4_DM;5,8;6,2;mm;1;2020-02-19 01:14:59.000504;5,94;2;5,94;5,94
15;1;505050_1;777777;324049916;4711;Siemenslufthaken;505050;10;1111;101_4v5_A4_A4_DM;5,8;6,2;mm;1;2020-02-19 01:14:56.000504;6,03;1;6,03;6,03;5;777777;324049916;4711;Siemenslufthaken;505050;10;1111;101_4v5_A4_A4_DM;5,8;6,2;mm;1;2020-02-19 01:15:00.000504;6,322928;2;6,322928;6,322928
16;1;505050_1;777777;324049916;4711;Siemenslufthaken;505050;10;1111;101_4v5_A4_A4_DM;5,8;6,2;mm;1;2020-02-19 01:14:56.000504;6,03;1;6,03;6,03;6;777777;324049916;4711;Siemenslufthaken;505050;10;1111;101_4v5_A4_A4_DM;5,8;6,2;mm;1;2020-02-19 01:15:20.000504;6,0;3;6,0;6,0
17;1;505050_1;777777;324049916;4711;Siemenslufthaken;505050;10;1111;101_4v5_A4_A4_DM;5,8;6,2;mm;1;2020-02-19 01:14:56.000504;6,03;1;6,03;6,03;7;777777;324049916;4711;Siemenslufthaken;505050;10;1111;101_4v5_A4_A4_DM;5,8;6,2;mm;1;2020-02-19 01:15:21.000505;6,2;3;6,2;6,2
18;1;505050_1;777777;324049916;4711;Siemenslufthaken;505050;10;1111;101_4v5_A4_A4_DM;5,8;6,2;mm;1;2020-02-19 01:14:56.000504;6,03;1;6,03;6,03;8;777777;324049916;4711;Siemenslufthaken;505050;10;1111;101_4v5_A4_A4_DM;5,8;6,2;mm;1;2020-02-19 01:15:22.000506;6,05;3;6,05;6,05
19;1;505050_1;777777;324049916;4711;Siemenslufthaken;505050;10;1111;101_4v5_A4_A4_DM;5,8;6,2;mm;1;2020-02-19 01:14:56.000504;6,03;1;6,03;6,03;9;777777;324049916;4711;Siemenslufthaken;505050;10;1111;101_4v5_A4_A4_DM;5,8;6,2;mm;1;2020-02-19 01:15:25.000507;6,003;4;11,3;6,003
20;2;505050_1;777777;324049916;4711;Siemenslufthaken;505050;10;1111;101_4v5_A4_A4_DM;5,8;6,2;mm;1;2020-02-19 01:14:57.000504;6,04;1;6,04;6,04;0;777777;324049916;4711;Siemenslufthaken;505050;10;1111;101_4v5_A4_A4_DM;5,8;6,2;mm;1;2020-02-19 01:14:55.000504;6,0678843;1;1,0;6,0678843
21;2;505050_1;777777;324049916;4711;Siemenslufthaken;505050;10;1111;101_4v5_A4_A4_DM;5,8;6,2;mm;1;2020-02-19 01:14:57.000504;6,04;1;6,04;6,04;1;777777;324049916;4711;Siemenslufthaken;505050;10;1111;101_4v5_A4_A4_DM;5,8;6,2;mm;1;2020-02-19 01:14:56.000504;6,03;1;6,03;6,03
22;2;505050_1;777777;324049916;4711;Siemenslufthaken;505050;10;1111;101_4v5_A4_A4_DM;5,8;6,2;mm;1;2020-02-19 01:14:57.000504;6,04;1;6,04;6,04;2;777777;324049916;4711;Siemenslufthaken;505050;10;1111;101_4v5_A4_A4_DM;5,8;6,2;mm;1;2020-02-19 01:14:57.000504;6,04;1;6,04;6,04
23;2;505050_1;777777;324049916;4711;Siemenslufthaken;505050;10;1111;101_4v5_A4_A4_DM;5,8;6,2;mm;1;2020-02-19 01:14:57.000504;6,04;1;6,04;6,04;3;777777;324049916;4711;Siemenslufthaken;505050;10;1111;101_4v5_A4_A4_DM;5,8;6,2;mm;1;2020-02-19 01:14:58.000504;6,0;2;6,0;12,0
24;2;505050_1;777777;324049916;4711;Siemenslufthaken;505050;10;1111;101_4v5_A4_A4_DM;5,8;6,2;mm;1;2020-02-19 01:14:57.000504;6,04;1;6,04;6,04;4;777777;324049916;4711;Siemenslufthaken;505050;10;1111;101_4v5_A4_A4_DM;5,8;6,2;mm;1;2020-02-19 01:14:59.000504;5,94;2;5,94;5,94
25;2;505050_1;777777;324049916;4711;Siemenslufthaken;505050;10;1111;101_4v5_A4_A4_DM;5,8;6,2;mm;1;2020-02-19 01:14:57.000504;6,04;1;6,04;6,04;5;777777;324049916;4711;Siemenslufthaken;505050;10;1111;101_4v5_A4_A4_DM;5,8;6,2;mm;1;2020-02-19 01:15:00.000504;6,322928;2;6,322928;6,322928
26;2;505050_1;777777;324049916;4711;Siemenslufthaken;505050;10;1111;101_4v5_A4_A4_DM;5,8;6,2;mm;1;2020-02-19 01:14:57.000504;6,04;1;6,04;6,04;6;777777;324049916;4711;Siemenslufthaken;505050;10;1111;101_4v5_A4_A4_DM;5,8;6,2;mm;1;2020-02-19 01:15:20.000504;6,0;3;6,0;6,0
27;2;505050_1;777777;324049916;4711;Siemenslufthaken;505050;10;1111;101_4v5_A4_A4_DM;5,8;6,2;mm;1;2020-02-19 01:14:57.000504;6,04;1;6,04;6,04;7;777777;324049916;4711;Siemenslufthaken;505050;10;1111;101_4v5_A4_A4_DM;5,8;6,2;mm;1;2020-02-19 01:15:21.000505;6,2;3;6,2;6,2
28;2;505050_1;777777;324049916;4711;Siemenslufthaken;505050;10;1111;101_4v5_A4_A4_DM;5,8;6,2;mm;1;2020-02-19 01:14:57.000504;6,04;1;6,04;6,04;8;777777;324049916;4711;Siemenslufthaken;505050;10;1111;101_4v5_A4_A4_DM;5,8;6,2;mm;1;2020-02-19 01:15:22.000506;6,05;3;6,05;6,05
29;2;505050_1;777777;324049916;4711;Siemenslufthaken;505050;10;1111;101_4v5_A4_A4_DM;5,8;6,2;mm;1;2020-02-19 01:14:57.000504;6,04;1;6,04;6,04;9;777777;324049916;4711;Siemenslufthaken;505050;10;1111;101_4v5_A4_A4_DM;5,8;6,2;mm;1;2020-02-19 01:15:25.000507;6,003;4;11,3;6,003
30;3;505050_1;777777;324049916;4711;Siemenslufthaken;505050;10;1111;101_4v5_A4_A4_DM;5,8;6,2;mm;1;2020-02-19 01:14:58.000504;6,0;2;6,0;12,0;0;777777;324049916;4711;Siemenslufthaken;505050;10;1111;101_4v5_A4_A4_DM;5,8;6,2;mm;1;2020-02-19 01:14:55.000504;6,0678843;1;1,0;6,0678843
31;3;505050_1;777777;324049916;4711;Siemenslufthaken;505050;10;1111;101_4v5_A4_A4_DM;5,8;6,2;mm;1;2020-02-19 01:14:58.000504;6,0;2;6,0;12,0;1;777777;324049916;4711;Siemenslufthaken;505050;10;1111;101_4v5_A4_A4_DM;5,8;6,2;mm;1;2020-02-19 01:14:56.000504;6,03;1;6,03;6,03
32;3;505050_1;777777;324049916;4711;Siemenslufthaken;505050;10;1111;101_4v5_A4_A4_DM;5,8;6,2;mm;1;2020-02-19 01:14:58.000504;6,0;2;6,0;12,0;2;777777;324049916;4711;Siemenslufthaken;505050;10;1111;101_4v5_A4_A4_DM;5,8;6,2;mm;1;2020-02-19 01:14:57.000504;6,04;1;6,04;6,04
33;3;505050_1;777777;324049916;4711;Siemenslufthaken;505050;10;1111;101_4v5_A4_A4_DM;5,8;6,2;mm;1;2020-02-19 01:14:58.000504;6,0;2;6,0;12,0;3;777777;324049916;4711;Siemenslufthaken;505050;10;1111;101_4v5_A4_A4_DM;5,8;6,2;mm;1;2020-02-19 01:14:58.000504;6,0;2;6,0;12,0
34;3;505050_1;777777;324049916;4711;Siemenslufthaken;505050;10;1111;101_4v5_A4_A4_DM;5,8;6,2;mm;1;2020-02-19 01:14:58.000504;6,0;2;6,0;12,0;4;777777;324049916;4711;Siemenslufthaken;505050;10;1111;101_4v5_A4_A4_DM;5,8;6,2;mm;1;2020-02-19 01:14:59.000504;5,94;2;5,94;5,94
35;3;505050_1;777777;324049916;4711;Siemenslufthaken;505050;10;1111;101_4v5_A4_A4_DM;5,8;6,2;mm;1;2020-02-19 01:14:58.000504;6,0;2;6,0;12,0;5;777777;324049916;4711;Siemenslufthaken;505050;10;1111;101_4v5_A4_A4_DM;5,8;6,2;mm;1;2020-02-19 01:15:00.000504;6,322928;2;6,322928;6,322928
36;3;505050_1;777777;324049916;4711;Siemenslufthaken;505050;10;1111;101_4v5_A4_A4_DM;5,8;6,2;mm;1;2020-02-19 01:14:58.000504;6,0;2;6,0;12,0;6;777777;324049916;4711;Siemenslufthaken;505050;10;1111;101_4v5_A4_A4_DM;5,8;6,2;mm;1;2020-02-19 01:15:20.000504;6,0;3;6,0;6,0
37;3;505050_1;777777;324049916;4711;Siemenslufthaken;505050;10;1111;101_4v5_A4_A4_DM;5,8;6,2;mm;1;2020-02-19 01:14:58.000504;6,0;2;6,0;12,0;7;777777;324049916;4711;Siemenslufthaken;505050;10;1111;101_4v5_A4_A4_DM;5,8;6,2;mm;1;2020-02-19 01:15:21.000505;6,2;3;6,2;6,2
38;3;505050_1;777777;324049916;4711;Siemenslufthaken;505050;10;1111;101_4v5_A4_A4_DM;5,8;6,2;mm;1;2020-02-19 01:14:58.000504;6,0;2;6,0;12,0;8;777777;324049916;4711;Siemenslufthaken;505050;10;1111;101_4v5_A4_A4_DM;5,8;6,2;mm;1;2020-02-19 01:15:22.000506;6,05;3;6,05;6,05
39;3;505050_1;777777;324049916;4711;Siemenslufthaken;505050;10;1111;101_4v5_A4_A4_DM;5,8;6,2;mm;1;2020-02-19 01:14:58.000504;6,0;2;6,0;12,0;9;777777;324049916;4711;Siemenslufthaken;505050;10;1111;101_4v5_A4_A4_DM;5,8;6,2;mm;1;2020-02-19 01:15:25.000507;6,003;4;11,3;6,003
40;4;505050_1;777777;324049916;4711;Siemenslufthaken;505050;10;1111;101_4v5_A4_A4_DM;5,8;6,2;mm;1;2020-02-19 01:14:59.000504;5,94;2;5,94;5,94;0;777777;324049916;4711;Siemenslufthaken;505050;10;1111;101_4v5_A4_A4_DM;5,8;6,2;mm;1;2020-02-19 01:14:55.000504;6,0678843;1;1,0;6,0678843
41;4;505050_1;777777;324049916;4711;Siemenslufthaken;505050;10;1111;101_4v5_A4_A4_DM;5,8;6,2;mm;1;2020-02-19 01:14:59.000504;5,94;2;5,94;5,94;1;777777;324049916;4711;Siemenslufthaken;505050;10;1111;101_4v5_A4_A4_DM;5,8;6,2;mm;1;2020-02-19 01:14:56.000504;6,03;1;6,03;6,03
42;4;505050_1;777777;324049916;4711;Siemenslufthaken;505050;10;1111;101_4v5_A4_A4_DM;5,8;6,2;mm;1;2020-02-19 01:14:59.000504;5,94;2;5,94;5,94;2;777777;324049916;4711;Siemenslufthaken;505050;10;1111;101_4v5_A4_A4_DM;5,8;6,2;mm;1;2020-02-19 01:14:57.000504;6,04;1;6,04;6,04
43;4;505050_1;777777;324049916;4711;Siemenslufthaken;505050;10;1111;101_4v5_A4_A4_DM;5,8;6,2;mm;1;2020-02-19 01:14:59.000504;5,94;2;5,94;5,94;3;777777;324049916;4711;Siemenslufthaken;505050;10;1111;101_4v5_A4_A4_DM;5,8;6,2;mm;1;2020-02-19 01:14:58.000504;6,0;2;6,0;12,0
44;4;505050_1;777777;324049916;4711;Siemenslufthaken;505050;10;1111;101_4v5_A4_A4_DM;5,8;6,2;mm;1;2020-02-19 01:14:59.000504;5,94;2;5,94;5,94;4;777777;324049916;4711;Siemenslufthaken;505050;10;1111;101_4v5_A4_A4_DM;5,8;6,2;mm;1;2020-02-19 01:14:59.000504;5,94;2;5,94;5,94
45;4;505050_1;777777;324049916;4711;Siemenslufthaken;505050;10;1111;101_4v5_A4_A4_DM;5,8;6,2;mm;1;2020-02-19 01:14:59.000504;5,94;2;5,94;5,94;5;777777;324049916;4711;Siemenslufthaken;505050;10;1111;101_4v5_A4_A4_DM;5,8;6,2;mm;1;2020-02-19 01:15:00.000504;6,322928;2;6,322928;6,322928
46;4;505050_1;777777;324049916;4711;Siemenslufthaken;505050;10;1111;101_4v5_A4_A4_DM;5,8;6,2;mm;1;2020-02-19 01:14:59.000504;5,94;2;5,94;5,94;6;777777;324049916;4711;Siemenslufthaken;505050;10;1111;101_4v5_A4_A4_DM;5,8;6,2;mm;1;2020-02-19 01:15:20.000504;6,0;3;6,0;6,0
47;4;505050_1;777777;324049916;4711;Siemenslufthaken;505050;10;1111;101_4v5_A4_A4_DM;5,8;6,2;mm;1;2020-02-19 01:14:59.000504;5,94;2;5,94;5,94;7;777777;324049916;4711;Siemenslufthaken;505050;10;1111;101_4v5_A4_A4_DM;5,8;6,2;mm;1;2020-02-19 01:15:21.000505;6,2;3;6,2;6,2
48;4;505050_1;777777;324049916;4711;Siemenslufthaken;505050;10;1111;101_4v5_A4_A4_DM;5,8;6,2;mm;1;2020-02-19 01:14:59.000504;5,94;2;5,94;5,94;8;777777;324049916;4711;Siemenslufthaken;505050;10;1111;101_4v5_A4_A4_DM;5,8;6,2;mm;1;2020-02-19 01:15:22.000506;6,05;3;6,05;6,05
49;4;505050_1;777777;324049916;4711;Siemenslufthaken;505050;10;1111;101_4v5_A4_A4_DM;5,8;6,2;mm;1;2020-02-19 01:14:59.000504;5,94;2;5,94;5,94;9;777777;324049916;4711;Siemenslufthaken;505050;10;1111;101_4v5_A4_A4_DM;5,8;6,2;mm;1;2020-02-19 01:15:25.000507;6,003;4;11,3;6,003
50;5;505050_1;777777;324049916;4711;Siemenslufthaken;505050;10;1111;101_4v5_A4_A4_DM;5,8;6,2;mm;1;2020-02-19 01:15:00.000504;6,322928;2;6,322928;6,322928;0;777777;324049916;4711;Siemenslufthaken;505050;10;1111;101_4v5_A4_A4_DM;5,8;6,2;mm;1;2020-02-19 01:14:55.000504;6,0678843;1;1,0;6,0678843
51;5;505050_1;777777;324049916;4711;Siemenslufthaken;505050;10;1111;101_4v5_A4_A4_DM;5,8;6,2;mm;1;2020-02-19 01:15:00.000504;6,322928;2;6,322928;6,322928;1;777777;324049916;4711;Siemenslufthaken;505050;10;1111;101_4v5_A4_A4_DM;5,8;6,2;mm;1;2020-02-19 01:14:56.000504;6,03;1;6,03;6,03
52;5;505050_1;777777;324049916;4711;Siemenslufthaken;505050;10;1111;101_4v5_A4_A4_DM;5,8;6,2;mm;1;2020-02-19 01:15:00.000504;6,322928;2;6,322928;6,322928;2;777777;324049916;4711;Siemenslufthaken;505050;10;1111;101_4v5_A4_A4_DM;5,8;6,2;mm;1;2020-02-19 01:14:57.000504;6,04;1;6,04;6,04
53;5;505050_1;777777;324049916;4711;Siemenslufthaken;505050;10;1111;101_4v5_A4_A4_DM;5,8;6,2;mm;1;2020-02-19 01:15:00.000504;6,322928;2;6,322928;6,322928;3;777777;324049916;4711;Siemenslufthaken;505050;10;1111;101_4v5_A4_A4_DM;5,8;6,2;mm;1;2020-02-19 01:14:58.000504;6,0;2;6,0;12,0
54;5;505050_1;777777;324049916;4711;Siemenslufthaken;505050;10;1111;101_4v5_A4_A4_DM;5,8;6,2;mm;1;2020-02-19 01:15:00.000504;6,322928;2;6,322928;6,322928;4;777777;324049916;4711;Siemenslufthaken;505050;10;1111;101_4v5_A4_A4_DM;5,8;6,2;mm;1;2020-02-19 01:14:59.000504;5,94;2;5,94;5,94
55;5;505050_1;777777;324049916;4711;Siemenslufthaken;505050;10;1111;101_4v5_A4_A4_DM;5,8;6,2;mm;1;2020-02-19 01:15:00.000504;6,322928;2;6,322928;6,322928;5;777777;324049916;4711;Siemenslufthaken;505050;10;1111;101_4v5_A4_A4_DM;5,8;6,2;mm;1;2020-02-19 01:15:00.000504;6,322928;2;6,322928;6,322928
56;5;505050_1;777777;324049916;4711;Siemenslufthaken;505050;10;1111;101_4v5_A4_A4_DM;5,8;6,2;mm;1;2020-02-19 01:15:00.000504;6,322928;2;6,322928;6,322928;6;777777;324049916;4711;Siemenslufthaken;505050;10;1111;101_4v5_A4_A4_DM;5,8;6,2;mm;1;2020-02-19 01:15:20.000504;6,0;3;6,0;6,0
57;5;505050_1;777777;324049916;4711;Siemenslufthaken;505050;10;1111;101_4v5_A4_A4_DM;5,8;6,2;mm;1;2020-02-19 01:15:00.000504;6,322928;2;6,322928;6,322928;7;777777;324049916;4711;Siemenslufthaken;505050;10;1111;101_4v5_A4_A4_DM;5,8;6,2;mm;1;2020-02-19 01:15:21.000505;6,2;3;6,2;6,2
58;5;505050_1;777777;324049916;4711;Siemenslufthaken;505050;10;1111;101_4v5_A4_A4_DM;5,8;6,2;mm;1;2020-02-19 01:15:00.000504;6,322928;2;6,322928;6,322928;8;777777;324049916;4711;Siemenslufthaken;505050;10;1111;101_4v5_A4_A4_DM;5,8;6,2;mm;1;2020-02-19 01:15:22.000506;6,05;3;6,05;6,05
59;5;505050_1;777777;324049916;4711;Siemenslufthaken;505050;10;1111;101_4v5_A4_A4_DM;5,8;6,2;mm;1;2020-02-19 01:15:00.000504;6,322928;2;6,322928;6,322928;9;777777;324049916;4711;Siemenslufthaken;505050;10;1111;101_4v5_A4_A4_DM;5,8;6,2;mm;1;2020-02-19 01:15:25.000507;6,003;4;11,3;6,003
60;6;505050_1;777777;324049916;4711;Siemenslufthaken;505050;10;1111;101_4v5_A4_A4_DM;5,8;6,2;mm;1;2020-02-19 01:15:20.000504;6,0;3;6,0;6,0;0;777777;324049916;4711;Siemenslufthaken;505050;10;1111;101_4v5_A4_A4_DM;5,8;6,2;mm;1;2020-02-19 01:14:55.000504;6,0678843;1;1,0;6,0678843
61;6;505050_1;777777;324049916;4711;Siemenslufthaken;505050;10;1111;101_4v5_A4_A4_DM;5,8;6,2;mm;1;2020-02-19 01:15:20.000504;6,0;3;6,0;6,0;1;777777;324049916;4711;Siemenslufthaken;505050;10;1111;101_4v5_A4_A4_DM;5,8;6,2;mm;1;2020-02-19 01:14:56.000504;6,03;1;6,03;6,03
62;6;505050_1;777777;324049916;4711;Siemenslufthaken;505050;10;1111;101_4v5_A4_A4_DM;5,8;6,2;mm;1;2020-02-19 01:15:20.000504;6,0;3;6,0;6,0;2;777777;324049916;4711;Siemenslufthaken;505050;10;1111;101_4v5_A4_A4_DM;5,8;6,2;mm;1;2020-02-19 01:14:57.000504;6,04;1;6,04;6,04
63;6;505050_1;777777;324049916;4711;Siemenslufthaken;505050;10;1111;101_4v5_A4_A4_DM;5,8;6,2;mm;1;2020-02-19 01:15:20.000504;6,0;3;6,0;6,0;3;777777;324049916;4711;Siemenslufthaken;505050;10;1111;101_4v5_A4_A4_DM;5,8;6,2;mm;1;2020-02-19 01:14:58.000504;6,0;2;6,0;12,0
64;6;505050_1;777777;324049916;4711;Siemenslufthaken;505050;10;1111;101_4v5_A4_A4_DM;5,8;6,2;mm;1;2020-02-19 01:15:20.000504;6,0;3;6,0;6,0;4;777777;324049916;4711;Siemenslufthaken;505050;10;1111;101_4v5_A4_A4_DM;5,8;6,2;mm;1;2020-02-19 01:14:59.000504;5,94;2;5,94;5,94
65;6;505050_1;777777;324049916;4711;Siemenslufthaken;505050;10;1111;101_4v5_A4_A4_DM;5,8;6,2;mm;1;2020-02-19 01:15:20.000504;6,0;3;6,0;6,0;5;777777;324049916;4711;Siemenslufthaken;505050;10;1111;101_4v5_A4_A4_DM;5,8;6,2;mm;1;2020-02-19 01:15:00.000504;6,322928;2;6,322928;6,322928
66;6;505050_1;777777;324049916;4711;Siemenslufthaken;505050;10;1111;101_4v5_A4_A4_DM;5,8;6,2;mm;1;2020-02-19 01:15:20.000504;6,0;3;6,0;6,0;6;777777;324049916;4711;Siemenslufthaken;505050;10;1111;101_4v5_A4_A4_DM;5,8;6,2;mm;1;2020-02-19 01:15:20.000504;6,0;3;6,0;6,0
67;6;505050_1;777777;324049916;4711;Siemenslufthaken;505050;10;1111;101_4v5_A4_A4_DM;5,8;6,2;mm;1;2020-02-19 01:15:20.000504;6,0;3;6,0;6,0;7;777777;324049916;4711;Siemenslufthaken;505050;10;1111;101_4v5_A4_A4_DM;5,8;6,2;mm;1;2020-02-19 01:15:21.000505;6,2;3;6,2;6,2
68;6;505050_1;777777;324049916;4711;Siemenslufthaken;505050;10;1111;101_4v5_A4_A4_DM;5,8;6,2;mm;1;2020-02-19 01:15:20.000504;6,0;3;6,0;6,0;8;777777;324049916;4711;Siemenslufthaken;505050;10;1111;101_4v5_A4_A4_DM;5,8;6,2;mm;1;2020-02-19 01:15:22.000506;6,05;3;6,05;6,05
69;6;505050_1;777777;324049916;4711;Siemenslufthaken;505050;10;1111;101_4v5_A4_A4_DM;5,8;6,2;mm;1;2020-02-19 01:15:20.000504;6,0;3;6,0;6,0;9;777777;324049916;4711;Siemenslufthaken;505050;10;1111;101_4v5_A4_A4_DM;5,8;6,2;mm;1;2020-02-19 01:15:25.000507;6,003;4;11,3;6,003
70;7;505050_1;777777;324049916;4711;Siemenslufthaken;505050;10;1111;101_4v5_A4_A4_DM;5,8;6,2;mm;1;2020-02-19 01:15:21.000505;6,2;3;6,2;6,2;0;777777;324049916;4711;Siemenslufthaken;505050;10;1111;101_4v5_A4_A4_DM;5,8;6,2;mm;1;2020-02-19 01:14:55.000504;6,0678843;1;1,0;6,0678843
71;7;505050_1;777777;324049916;4711;Siemenslufthaken;505050;10;1111;101_4v5_A4_A4_DM;5,8;6,2;mm;1;2020-02-19 01:15:21.000505;6,2;3;6,2;6,2;1;777777;324049916;4711;Siemenslufthaken;505050;10;1111;101_4v5_A4_A4_DM;5,8;6,2;mm;1;2020-02-19 01:14:56.000504;6,03;1;6,03;6,03
72;7;505050_1;777777;324049916;4711;Siemenslufthaken;505050;10;1111;101_4v5_A4_A4_DM;5,8;6,2;mm;1;2020-02-19 01:15:21.000505;6,2;3;6,2;6,2;2;777777;324049916;4711;Siemenslufthaken;505050;10;1111;101_4v5_A4_A4_DM;5,8;6,2;mm;1;2020-02-19 01:14:57.000504;6,04;1;6,04;6,04
73;7;505050_1;777777;324049916;4711;Siemenslufthaken;505050;10;1111;101_4v5_A4_A4_DM;5,8;6,2;mm;1;2020-02-19 01:15:21.000505;6,2;3;6,2;6,2;3;777777;324049916;4711;Siemenslufthaken;505050;10;1111;101_4v5_A4_A4_DM;5,8;6,2;mm;1;2020-02-19 01:14:58.000504;6,0;2;6,0;12,0
74;7;505050_1;777777;324049916;4711;Siemenslufthaken;505050;10;1111;101_4v5_A4_A4_DM;5,8;6,2;mm;1;2020-02-19 01:15:21.000505;6,2;3;6,2;6,2;4;777777;324049916;4711;Siemenslufthaken;505050;10;1111;101_4v5_A4_A4_DM;5,8;6,2;mm;1;2020-02-19 01:14:59.000504;5,94;2;5,94;5,94
75;7;505050_1;777777;324049916;4711;Siemenslufthaken;505050;10;1111;101_4v5_A4_A4_DM;5,8;6,2;mm;1;2020-02-19 01:15:21.000505;6,2;3;6,2;6,2;5;777777;324049916;4711;Siemenslufthaken;505050;10;1111;101_4v5_A4_A4_DM;5,8;6,2;mm;1;2020-02-19 01:15:00.000504;6,322928;2;6,322928;6,322928
76;7;505050_1;777777;324049916;4711;Siemenslufthaken;505050;10;1111;101_4v5_A4_A4_DM;5,8;6,2;mm;1;2020-02-19 01:15:21.000505;6,2;3;6,2;6,2;6;777777;324049916;4711;Siemenslufthaken;505050;10;1111;101_4v5_A4_A4_DM;5,8;6,2;mm;1;2020-02-19 01:15:20.000504;6,0;3;6,0;6,0
77;7;505050_1;777777;324049916;4711;Siemenslufthaken;505050;10;1111;101_4v5_A4_A4_DM;5,8;6,2;mm;1;2020-02-19 01:15:21.000505;6,2;3;6,2;6,2;7;777777;324049916;4711;Siemenslufthaken;505050;10;1111;101_4v5_A4_A4_DM;5,8;6,2;mm;1;2020-02-19 01:15:21.000505;6,2;3;6,2;6,2
78;7;505050_1;777777;324049916;4711;Siemenslufthaken;505050;10;1111;101_4v5_A4_A4_DM;5,8;6,2;mm;1;2020-02-19 01:15:21.000505;6,2;3;6,2;6,2;8;777777;324049916;4711;Siemenslufthaken;505050;10;1111;101_4v5_A4_A4_DM;5,8;6,2;mm;1;2020-02-19 01:15:22.000506;6,05;3;6,05;6,05
79;7;505050_1;777777;324049916;4711;Siemenslufthaken;505050;10;1111;101_4v5_A4_A4_DM;5,8;6,2;mm;1;2020-02-19 01:15:21.000505;6,2;3;6,2;6,2;9;777777;324049916;4711;Siemenslufthaken;505050;10;1111;101_4v5_A4_A4_DM;5,8;6,2;mm;1;2020-02-19 01:15:25.000507;6,003;4;11,3;6,003
80;8;505050_1;777777;324049916;4711;Siemenslufthaken;505050;10;1111;101_4v5_A4_A4_DM;5,8;6,2;mm;1;2020-02-19 01:15:22.000506;6,05;3;6,05;6,05;0;777777;324049916;4711;Siemenslufthaken;505050;10;1111;101_4v5_A4_A4_DM;5,8;6,2;mm;1;2020-02-19 01:14:55.000504;6,0678843;1;1,0;6,0678843
81;8;505050_1;777777;324049916;4711;Siemenslufthaken;505050;10;1111;101_4v5_A4_A4_DM;5,8;6,2;mm;1;2020-02-19 01:15:22.000506;6,05;3;6,05;6,05;1;777777;324049916;4711;Siemenslufthaken;505050;10;1111;101_4v5_A4_A4_DM;5,8;6,2;mm;1;2020-02-19 01:14:56.000504;6,03;1;6,03;6,03
82;8;505050_1;777777;324049916;4711;Siemenslufthaken;505050;10;1111;101_4v5_A4_A4_DM;5,8;6,2;mm;1;2020-02-19 01:15:22.000506;6,05;3;6,05;6,05;2;777777;324049916;4711;Siemenslufthaken;505050;10;1111;101_4v5_A4_A4_DM;5,8;6,2;mm;1;2020-02-19 01:14:57.000504;6,04;1;6,04;6,04
83;8;505050_1;777777;324049916;4711;Siemenslufthaken;505050;10;1111;101_4v5_A4_A4_DM;5,8;6,2;mm;1;2020-02-19 01:15:22.000506;6,05;3;6,05;6,05;3;777777;324049916;4711;Siemenslufthaken;505050;10;1111;101_4v5_A4_A4_DM;5,8;6,2;mm;1;2020-02-19 01:14:58.000504;6,0;2;6,0;12,0
84;8;505050_1;777777;324049916;4711;Siemenslufthaken;505050;10;1111;101_4v5_A4_A4_DM;5,8;6,2;mm;1;2020-02-19 01:15:22.000506;6,05;3;6,05;6,05;4;777777;324049916;4711;Siemenslufthaken;505050;10;1111;101_4v5_A4_A4_DM;5,8;6,2;mm;1;2020-02-19 01:14:59.000504;5,94;2;5,94;5,94
85;8;505050_1;777777;324049916;4711;Siemenslufthaken;505050;10;1111;101_4v5_A4_A4_DM;5,8;6,2;mm;1;2020-02-19 01:15:22.000506;6,05;3;6,05;6,05;5;777777;324049916;4711;Siemenslufthaken;505050;10;1111;101_4v5_A4_A4_DM;5,8;6,2;mm;1;2020-02-19 01:15:00.000504;6,322928;2;6,322928;6,322928
86;8;505050_1;777777;324049916;4711;Siemenslufthaken;505050;10;1111;101_4v5_A4_A4_DM;5,8;6,2;mm;1;2020-02-19 01:15:22.000506;6,05;3;6,05;6,05;6;777777;324049916;4711;Siemenslufthaken;505050;10;1111;101_4v5_A4_A4_DM;5,8;6,2;mm;1;2020-02-19 01:15:20.000504;6,0;3;6,0;6,0
87;8;505050_1;777777;324049916;4711;Siemenslufthaken;505050;10;1111;101_4v5_A4_A4_DM;5,8;6,2;mm;1;2020-02-19 01:15:22.000506;6,05;3;6,05;6,05;7;777777;324049916;4711;Siemenslufthaken;505050;10;1111;101_4v5_A4_A4_DM;5,8;6,2;mm;1;2020-02-19 01:15:21.000505;6,2;3;6,2;6,2
88;8;505050_1;777777;324049916;4711;Siemenslufthaken;505050;10;1111;101_4v5_A4_A4_DM;5,8;6,2;mm;1;2020-02-19 01:15:22.000506;6,05;3;6,05;6,05;8;777777;324049916;4711;Siemenslufthaken;505050;10;1111;101_4v5_A4_A4_DM;5,8;6,2;mm;1;2020-02-19 01:15:22.000506;6,05;3;6,05;6,05
89;8;505050_1;777777;324049916;4711;Siemenslufthaken;505050;10;1111;101_4v5_A4_A4_DM;5,8;6,2;mm;1;2020-02-19 01:15:22.000506;6,05;3;6,05;6,05;9;777777;324049916;4711;Siemenslufthaken;505050;10;1111;101_4v5_A4_A4_DM;5,8;6,2;mm;1;2020-02-19 01:15:25.000507;6,003;4;11,3;6,003
90;9;505050_1;777777;324049916;4711;Siemenslufthaken;505050;10;1111;101_4v5_A4_A4_DM;5,8;6,2;mm;1;2020-02-19 01:15:25.000507;6,003;4;11,3;6,003;0;777777;324049916;4711;Siemenslufthaken;505050;10;1111;101_4v5_A4_A4_DM;5,8;6,2;mm;1;2020-02-19 01:14:55.000504;6,0678843;1;1,0;6,0678843
91;9;505050_1;777777;324049916;4711;Siemenslufthaken;505050;10;1111;101_4v5_A4_A4_DM;5,8;6,2;mm;1;2020-02-19 01:15:25.000507;6,003;4;11,3;6,003;1;777777;324049916;4711;Siemenslufthaken;505050;10;1111;101_4v5_A4_A4_DM;5,8;6,2;mm;1;2020-02-19 01:14:56.000504;6,03;1;6,03;6,03
92;9;505050_1;777777;324049916;4711;Siemenslufthaken;505050;10;1111;101_4v5_A4_A4_DM;5,8;6,2;mm;1;2020-02-19 01:15:25.000507;6,003;4;11,3;6,003;2;777777;324049916;4711;Siemenslufthaken;505050;10;1111;101_4v5_A4_A4_DM;5,8;6,2;mm;1;2020-02-19 01:14:57.000504;6,04;1;6,04;6,04
93;9;505050_1;777777;324049916;4711;Siemenslufthaken;505050;10;1111;101_4v5_A4_A4_DM;5,8;6,2;mm;1;2020-02-19 01:15:25.000507;6,003;4;11,3;6,003;3;777777;324049916;4711;Siemenslufthaken;505050;10;1111;101_4v5_A4_A4_DM;5,8;6,2;mm;1;2020-02-19 01:14:58.000504;6,0;2;6,0;12,0
94;9;505050_1;777777;324049916;4711;Siemenslufthaken;505050;10;1111;101_4v5_A4_A4_DM;5,8;6,2;mm;1;2020-02-19 01:15:25.000507;6,003;4;11,3;6,003;4;777777;324049916;4711;Siemenslufthaken;505050;10;1111;101_4v5_A4_A4_DM;5,8;6,2;mm;1;2020-02-19 01:14:59.000504;5,94;2;5,94;5,94
95;9;505050_1;777777;324049916;4711;Siemenslufthaken;505050;10;1111;101_4v5_A4_A4_DM;5,8;6,2;mm;1;2020-02-19 01:15:25.000507;6,003;4;11,3;6,003;5;777777;324049916;4711;Siemenslufthaken;505050;10;1111;101_4v5_A4_A4_DM;5,8;6,2;mm;1;2020-02-19 01:15:00.000504;6,322928;2;6,322928;6,322928
96;9;505050_1;777777;324049916;4711;Siemenslufthaken;505050;10;1111;101_4v5_A4_A4_DM;5,8;6,2;mm;1;2020-02-19 01:15:25.000507;6,003;4;11,3;6,003;6;777777;324049916;4711;Siemenslufthaken;505050;10;1111;101_4v5_A4_A4_DM;5,8;6,2;mm;1;2020-02-19 01:15:20.000504;6,0;3;6,0;6,0
97;9;505050_1;777777;324049916;4711;Siemenslufthaken;505050;10;1111;101_4v5_A4_A4_DM;5,8;6,2;mm;1;2020-02-19 01:15:25.000507;6,003;4;11,3;6,003;7;777777;324049916;4711;Siemenslufthaken;505050;10;1111;101_4v5_A4_A4_DM;5,8;6,2;mm;1;2020-02-19 01:15:21.000505;6,2;3;6,2;6,2
98;9;505050_1;777777;324049916;4711;Siemenslufthaken;505050;10;1111;101_4v5_A4_A4_DM;5,8;6,2;mm;1;2020-02-19 01:15:25.000507;6,003;4;11,3;6,003;8;777777;324049916;4711;Siemenslufthaken;505050;10;1111;101_4v5_A4_A4_DM;5,8;6,2;mm;1;2020-02-19 01:15:22.000506;6,05;3;6,05;6,05
99;9;505050_1;777777;324049916;4711;Siemenslufthaken;505050;10;1111;101_4v5_A4_A4_DM;5,8;6,2;mm;1;2020-02-19 01:15:25.000507;6,003;4;11,3;6,003;9;777777;324049916;4711;Siemenslufthaken;505050;10;1111;101_4v5_A4_A4_DM;5,8;6,2;mm;1;2020-02-19 01:15:25.000507;6,003;4;11,3;6,003
100;10;505050_2;777775;324049916;4711;Siemenslufthaken;505050;10;1111;101_4v5_A4_A4_DM;5,8;6,2;mm;2;2020-02-19 01:15:30.000508;6,0678843;4;6,0678843;6,0678843;10;777775;324049916;4711;Siemenslufthaken;505050;10;1111;101_4v5_A4_A4_DM;5,8;6,2;mm;2;2020-02-19 01:15:30.000508;6,0678843;4;6,0678843;6,0678843
101;10;505050_2;777775;324049916;4711;Siemenslufthaken;505050;10;1111;101_4v5_A4_A4_DM;5,8;6,2;mm;2;2020-02-19 01:15:30.000508;6,0678843;4;6,0678843;6,0678843;11;777775;324049916;4711;Siemenslufthaken;505050;10;1111;101_4v5_A4_A4_DM;5,8;6,2;mm;2;2020-02-19 01:15:35.000509;6,03;4;6,03;6,03
102;10;505050_2;777775;324049916;4711;Siemenslufthaken;505050;10;1111;101_4v5_A4_A4_DM;5,8;6,2;mm;2;2020-02-19 01:15:30.000508;6,0678843;4;6,0678843;6,0678843;12;777775;324049916;4711;Siemenslufthaken;505050;10;1111;101_4v5_A4_A4_DM;5,8;6,2;mm;2;2020-02-19 01:15:40.000510;6,04;5;6,04;6,04
103;10;505050_2;777775;324049916;4711;Siemenslufthaken;505050;10;1111;101_4v5_A4_A4_DM;5,8;6,2;mm;2;2020-02-19 01:15:30.000508;6,0678843;4;6,0678843;6,0678843;13;777775;324049916;4711;Siemenslufthaken;505050;10;1111;101_4v5_A4_A4_DM;5,8;6,2;mm;2;2020-02-19 01:15:55.000511;6,0;5;6,0;6,0
104;10;505050_2;777775;324049916;4711;Siemenslufthaken;505050;10;1111;101_4v5_A4_A4_DM;5,8;6,2;mm;2;2020-02-19 01:15:30.000508;6,0678843;4;6,0678843;6,0678843;14;777775;324049916;4711;Siemenslufthaken;505050;10;1111;101_4v5_A4_A4_DM;5,8;6,2;mm;2;2020-02-19 01:15:58.000512;5,94;5;5,94;5,94
105;10;505050_2;777775;324049916;4711;Siemenslufthaken;505050;10;1111;101_4v5_A4_A4_DM;5,8;6,2;mm;2;2020-02-19 01:15:30.000508;6,0678843;4;6,0678843;6,0678843;15;777775;324049916;4711;Siemenslufthaken;505050;10;1111;101_4v5_A4_A4_DM;5,8;6,2;mm;2;2020-02-19 01:16:20.000513;6,322928;6;6,322928;6,322928
106;10;505050_2;777775;324049916;4711;Siemenslufthaken;505050;10;1111;101_4v5_A4_A4_DM;5,8;6,2;mm;2;2020-02-19 01:15:30.000508;6,0678843;4;6,0678843;6,0678843;16;777775;324049916;4711;Siemenslufthaken;505050;10;1111;101_4v5_A4_A4_DM;5,8;6,2;mm;2;2020-02-19 01:16:22.000514;10,0;6;10,0;10,0
107;10;505050_2;777775;324049916;4711;Siemenslufthaken;505050;10;1111;101_4v5_A4_A4_DM;5,8;6,2;mm;2;2020-02-19 01:15:30.000508;6,0678843;4;6,0678843;6,0678843;17;777775;324049916;4711;Siemenslufthaken;505050;10;1111;101_4v5_A4_A4_DM;5,8;6,2;mm;2;2020-02-19 01:16:24.000515;6,2;6;6,2;6,2
108;10;505050_2;777775;324049916;4711;Siemenslufthaken;505050;10;1111;101_4v5_A4_A4_DM;5,8;6,2;mm;2;2020-02-19 01:15:30.000508;6,0678843;4;6,0678843;6,0678843;18;777775;324049916;4711;Siemenslufthaken;505050;10;1111;101_4v5_A4_A4_DM;5,8;6,2;mm;2;2020-02-19 01:16:30.000516;6,05;7;6,05;6,05
109;10;505050_2;777775;324049916;4711;Siemenslufthaken;505050;10;1111;101_4v5_A4_A4_DM;5,8;6,2;mm;2;2020-02-19 01:15:30.000508;6,0678843;4;6,0678843;6,0678843;19;777775;324049916;4711;Siemenslufthaken;505050;10;1111;101_4v5_A4_A4_DM;5,8;6,2;mm;2;2020-02-19 01:16:40.000517;11,003;7;11,003;11,003
110;10;505050_2;777775;324049916;4711;Siemenslufthaken;505050;10;1111;101_4v5_A4_A4_DM;5,8;6,2;mm;2;2020-02-19 01:15:30.000508;6,0678843;4;6,0678843;6,0678843;20;777775;324049916;4711;Siemenslufthaken;505050;10;1111;101_4v5_A4_A4_DM;5,8;6,2;mm;2;2020-02-19 01:16:50.000518;6,0678843;7;6,0678843;6,0678843
111;10;505050_2;777775;324049916;4711;Siemenslufthaken;505050;10;1111;101_4v5_A4_A4_DM;5,8;6,2;mm;2;2020-02-19 01:15:30.000508;6,0678843;4;6,0678843;6,0678843;21;777775;324049916;4711;Siemenslufthaken;505050;10;1111;101_4v5_A4_A4_DM;5,8;6,2;mm;2;2020-02-19 01:16:51.000519;6,03;8;6,03;6,03
112;10;505050_2;777775;324049916;4711;Siemenslufthaken;505050;10;1111;101_4v5_A4_A4_DM;5,8;6,2;mm;2;2020-02-19 01:15:30.000508;6,0678843;4;6,0678843;6,0678843;22;777775;324049916;4711;Siemenslufthaken;505050;10;1111;101_4v5_A4_A4_DM;5,8;6,2;mm;2;2020-02-19 01:16:52.000520;6,04;8;6,04;1,0
113;10;505050_2;777775;324049916;4711;Siemenslufthaken;505050;10;1111;101_4v5_A4_A4_DM;5,8;6,2;mm;2;2020-02-19 01:15:30.000508;6,0678843;4;6,0678843;6,0678843;22;777775;324049916;4711;Siemenslufthaken;505050;10;1111;101_4v5_A4_A4_DM;5,8;6,2;mm;2;2020-02-19 01:16:54.000520;6,01;8;6,01;6,01
114;11;505050_2;777775;324049916;4711;Siemenslufthaken;505050;10;1111;101_4v5_A4_A4_DM;5,8;6,2;mm;2;2020-02-19 01:15:35.000509;6,03;4;6,03;6,03;10;777775;324049916;4711;Siemenslufthaken;505050;10;1111;101_4v5_A4_A4_DM;5,8;6,2;mm;2;2020-02-19 01:15:30.000508;6,0678843;4;6,0678843;6,0678843
115;11;505050_2;777775;324049916;4711;Siemenslufthaken;505050;10;1111;101_4v5_A4_A4_DM;5,8;6,2;mm;2;2020-02-19 01:15:35.000509;6,03;4;6,03;6,03;11;777775;324049916;4711;Siemenslufthaken;505050;10;1111;101_4v5_A4_A4_DM;5,8;6,2;mm;2;2020-02-19 01:15:35.000509;6,03;4;6,03;6,03
116;11;505050_2;777775;324049916;4711;Siemenslufthaken;505050;10;1111;101_4v5_A4_A4_DM;5,8;6,2;mm;2;2020-02-19 01:15:35.000509;6,03;4;6,03;6,03;12;777775;324049916;4711;Siemenslufthaken;505050;10;1111;101_4v5_A4_A4_DM;5,8;6,2;mm;2;2020-02-19 01:15:40.000510;6,04;5;6,04;6,04
117;11;505050_2;777775;324049916;4711;Siemenslufthaken;505050;10;1111;101_4v5_A4_A4_DM;5,8;6,2;mm;2;2020-02-19 01:15:35.000509;6,03;4;6,03;6,03;13;777775;324049916;4711;Siemenslufthaken;505050;10;1111;101_4v5_A4_A4_DM;5,8;6,2;mm;2;2020-02-19 01:15:55.000511;6,0;5;6,0;6,0
118;11;505050_2;777775;324049916;4711;Siemenslufthaken;505050;10;1111;101_4v5_A4_A4_DM;5,8;6,2;mm;2;2020-02-19 01:15:35.000509;6,03;4;6,03;6,03;14;777775;324049916;4711;Siemenslufthaken;505050;10;1111;101_4v5_A4_A4_DM;5,8;6,2;mm;2;2020-02-19 01:15:58.000512;5,94;5;5,94;5,94
119;11;505050_2;777775;324049916;4711;Siemenslufthaken;505050;10;1111;101_4v5_A4_A4_DM;5,8;6,2;mm;2;2020-02-19 01:15:35.000509;6,03;4;6,03;6,03;15;777775;324049916;4711;Siemenslufthaken;505050;10;1111;101_4v5_A4_A4_DM;5,8;6,2;mm;2;2020-02-19 01:16:20.000513;6,322928;6;6,322928;6,322928
120;11;505050_2;777775;324049916;4711;Siemenslufthaken;505050;10;1111;101_4v5_A4_A4_DM;5,8;6,2;mm;2;2020-02-19 01:15:35.000509;6,03;4;6,03;6,03;16;777775;324049916;4711;Siemenslufthaken;505050;10;1111;101_4v5_A4_A4_DM;5,8;6,2;mm;2;2020-02-19 01:16:22.000514;10,0;6;10,0;10,0
121;11;505050_2;777775;324049916;4711;Siemenslufthaken;505050;10;1111;101_4v5_A4_A4_DM;5,8;6,2;mm;2;2020-02-19 01:15:35.000509;6,03;4;6,03;6,03;17;777775;324049916;4711;Siemenslufthaken;505050;10;1111;101_4v5_A4_A4_DM;5,8;6,2;mm;2;2020-02-19 01:16:24.000515;6,2;6;6,2;6,2
122;11;505050_2;777775;324049916;4711;Siemenslufthaken;505050;10;1111;101_4v5_A4_A4_DM;5,8;6,2;mm;2;2020-02-19 01:15:35.000509;6,03;4;6,03;6,03;18;777775;324049916;4711;Siemenslufthaken;505050;10;1111;101_4v5_A4_A4_DM;5,8;6,2;mm;2;2020-02-19 01:16:30.000516;6,05;7;6,05;6,05
123;11;505050_2;777775;324049916;4711;Siemenslufthaken;505050;10;1111;101_4v5_A4_A4_DM;5,8;6,2;mm;2;2020-02-19 01:15:35.000509;6,03;4;6,03;6,03;19;777775;324049916;4711;Siemenslufthaken;505050;10;1111;101_4v5_A4_A4_DM;5,8;6,2;mm;2;2020-02-19 01:16:40.000517;11,003;7;11,003;11,003
124;11;505050_2;777775;324049916;4711;Siemenslufthaken;505050;10;1111;101_4v5_A4_A4_DM;5,8;6,2;mm;2;2020-02-19 01:15:35.000509;6,03;4;6,03;6,03;20;777775;324049916;4711;Siemenslufthaken;505050;10;1111;101_4v5_A4_A4_DM;5,8;6,2;mm;2;2020-02-19 01:16:50.000518;6,0678843;7;6,0678843;6,0678843
125;11;505050_2;777775;324049916;4711;Siemenslufthaken;505050;10;1111;101_4v5_A4_A4_DM;5,8;6,2;mm;2;2020-02-19 01:15:35.000509;6,03;4;6,03;6,03;21;777775;324049916;4711;Siemenslufthaken;505050;10;1111;101_4v5_A4_A4_DM;5,8;6,2;mm;2;2020-02-19 01:16:51.000519;6,03;8;6,03;6,03
126;11;505050_2;777775;324049916;4711;Siemenslufthaken;505050;10;1111;101_4v5_A4_A4_DM;5,8;6,2;mm;2;2020-02-19 01:15:35.000509;6,03;4;6,03;6,03;22;777775;324049916;4711;Siemenslufthaken;505050;10;1111;101_4v5_A4_A4_DM;5,8;6,2;mm;2;2020-02-19 01:16:52.000520;6,04;8;6,04;1,0
127;11;505050_2;777775;324049916;4711;Siemenslufthaken;505050;10;1111;101_4v5_A4_A4_DM;5,8;6,2;mm;2;2020-02-19 01:15:35.000509;6,03;4;6,03;6,03;22;777775;324049916;4711;Siemenslufthaken;505050;10;1111;101_4v5_A4_A4_DM;5,8;6,2;mm;2;2020-02-19 01:16:54.000520;6,01;8;6,01;6,01
128;12;505050_2;777775;324049916;4711;Siemenslufthaken;505050;10;1111;101_4v5_A4_A4_DM;5,8;6,2;mm;2;2020-02-19 01:15:40.000510;6,04;5;6,04;6,04;10;777775;324049916;4711;Siemenslufthaken;505050;10;1111;101_4v5_A4_A4_DM;5,8;6,2;mm;2;2020-02-19 01:15:30.000508;6,0678843;4;6,0678843;6,0678843
129;12;505050_2;777775;324049916;4711;Siemenslufthaken;505050;10;1111;101_4v5_A4_A4_DM;5,8;6,2;mm;2;2020-02-19 01:15:40.000510;6,04;5;6,04;6,04;11;777775;324049916;4711;Siemenslufthaken;505050;10;1111;101_4v5_A4_A4_DM;5,8;6,2;mm;2;2020-02-19 01:15:35.000509;6,03;4;6,03;6,03
130;12;505050_2;777775;324049916;4711;Siemenslufthaken;505050;10;1111;101_4v5_A4_A4_DM;5,8;6,2;mm;2;2020-02-19 01:15:40.000510;6,04;5;6,04;6,04;12;777775;324049916;4711;Siemenslufthaken;505050;10;1111;101_4v5_A4_A4_DM;5,8;6,2;mm;2;2020-02-19 01:15:40.000510;6,04;5;6,04;6,04
131;12;505050_2;777775;324049916;4711;Siemenslufthaken;505050;10;1111;101_4v5_A4_A4_DM;5,8;6,2;mm;2;2020-02-19 01:15:40.000510;6,04;5;6,04;6,04;13;777775;324049916;4711;Siemenslufthaken;505050;10;1111;101_4v5_A4_A4_DM;5,8;6,2;mm;2;2020-02-19 01:15:55.000511;6,0;5;6,0;6,0
132;12;505050_2;777775;324049916;4711;Siemenslufthaken;505050;10;1111;101_4v5_A4_A4_DM;5,8;6,2;mm;2;2020-02-19 01:15:40.000510;6,04;5;6,04;6,04;14;777775;324049916;4711;Siemenslufthaken;505050;10;1111;101_4v5_A4_A4_DM;5,8;6,2;mm;2;2020-02-19 01:15:58.000512;5,94;5;5,94;5,94
133;12;505050_2;777775;324049916;4711;Siemenslufthaken;505050;10;1111;101_4v5_A4_A4_DM;5,8;6,2;mm;2;2020-02-19 01:15:40.000510;6,04;5;6,04;6,04;15;777775;324049916;4711;Siemenslufthaken;505050;10;1111;101_4v5_A4_A4_DM;5,8;6,2;mm;2;2020-02-19 01:16:20.000513;6,322928;6;6,322928;6,322928
134;12;505050_2;777775;324049916;4711;Siemenslufthaken;505050;10;1111;101_4v5_A4_A4_DM;5,8;6,2;mm;2;2020-02-19 01:15:40.000510;6,04;5;6,04;6,04;16;777775;324049916;4711;Siemenslufthaken;505050;10;1111;101_4v5_A4_A4_DM;5,8;6,2;mm;2;2020-02-19 01:16:22.000514;10,0;6;10,0;10,0
135;12;505050_2;777775;324049916;4711;Siemenslufthaken;505050;10;1111;101_4v5_A4_A4_DM;5,8;6,2;mm;2;2020-02-19 01:15:40.000510;6,04;5;6,04;6,04;17;777775;324049916;4711;Siemenslufthaken;505050;10;1111;101_4v5_A4_A4_DM;5,8;6,2;mm;2;2020-02-19 01:16:24.000515;6,2;6;6,2;6,2
136;12;505050_2;777775;324049916;4711;Siemenslufthaken;505050;10;1111;101_4v5_A4_A4_DM;5,8;6,2;mm;2;2020-02-19 01:15:40.000510;6,04;5;6,04;6,04;18;777775;324049916;4711;Siemenslufthaken;505050;10;1111;101_4v5_A4_A4_DM;5,8;6,2;mm;2;2020-02-19 01:16:30.000516;6,05;7;6,05;6,05
137;12;505050_2;777775;324049916;4711;Siemenslufthaken;505050;10;1111;101_4v5_A4_A4_DM;5,8;6,2;mm;2;2020-02-19 01:15:40.000510;6,04;5;6,04;6,04;19;777775;324049916;4711;Siemenslufthaken;505050;10;1111;101_4v5_A4_A4_DM;5,8;6,2;mm;2;2020-02-19 01:16:40.000517;11,003;7;11,003;11,003
138;12;505050_2;777775;324049916;4711;Siemenslufthaken;505050;10;1111;101_4v5_A4_A4_DM;5,8;6,2;mm;2;2020-02-19 01:15:40.000510;6,04;5;6,04;6,04;20;777775;324049916;4711;Siemenslufthaken;505050;10;1111;101_4v5_A4_A4_DM;5,8;6,2;mm;2;2020-02-19 01:16:50.000518;6,0678843;7;6,0678843;6,0678843
139;12;505050_2;777775;324049916;4711;Siemenslufthaken;505050;10;1111;101_4v5_A4_A4_DM;5,8;6,2;mm;2;2020-02-19 01:15:40.000510;6,04;5;6,04;6,04;21;777775;324049916;4711;Siemenslufthaken;505050;10;1111;101_4v5_A4_A4_DM;5,8;6,2;mm;2;2020-02-19 01:16:51.000519;6,03;8;6,03;6,03
140;12;505050_2;777775;324049916;4711;Siemenslufthaken;505050;10;1111;101_4v5_A4_A4_DM;5,8;6,2;mm;2;2020-02-19 01:15:40.000510;6,04;5;6,04;6,04;22;777775;324049916;4711;Siemenslufthaken;505050;10;1111;101_4v5_A4_A4_DM;5,8;6,2;mm;2;2020-02-19 01:16:52.000520;6,04;8;6,04;1,0
141;12;505050_2;777775;324049916;4711;Siemenslufthaken;505050;10;1111;101_4v5_A4_A4_DM;5,8;6,2;mm;2;2020-02-19 01:15:40.000510;6,04;5;6,04;6,04;22;777775;324049916;4711;Siemenslufthaken;505050;10;1111;101_4v5_A4_A4_DM;5,8;6,2;mm;2;2020-02-19 01:16:54.000520;6,01;8;6,01;6,01
142;13;505050_2;777775;324049916;4711;Siemenslufthaken;505050;10;1111;101_4v5_A4_A4_DM;5,8;6,2;mm;2;2020-02-19 01:15:55.000511;6,0;5;6,0;6,0;10;777775;324049916;4711;Siemenslufthaken;505050;10;1111;101_4v5_A4_A4_DM;5,8;6,2;mm;2;2020-02-19 01:15:30.000508;6,0678843;4;6,0678843;6,0678843
143;13;505050_2;777775;324049916;4711;Siemenslufthaken;505050;10;1111;101_4v5_A4_A4_DM;5,8;6,2;mm;2;2020-02-19 01:15:55.000511;6,0;5;6,0;6,0;11;777775;324049916;4711;Siemenslufthaken;505050;10;1111;101_4v5_A4_A4_DM;5,8;6,2;mm;2;2020-02-19 01:15:35.000509;6,03;4;6,03;6,03
144;13;505050_2;777775;324049916;4711;Siemenslufthaken;505050;10;1111;101_4v5_A4_A4_DM;5,8;6,2;mm;2;2020-02-19 01:15:55.000511;6,0;5;6,0;6,0;12;777775;324049916;4711;Siemenslufthaken;505050;10;1111;101_4v5_A4_A4_DM;5,8;6,2;mm;2;2020-02-19 01:15:40.000510;6,04;5;6,04;6,04
145;13;505050_2;777775;324049916;4711;Siemenslufthaken;505050;10;1111;101_4v5_A4_A4_DM;5,8;6,2;mm;2;2020-02-19 01:15:55.000511;6,0;5;6,0;6,0;13;777775;324049916;4711;Siemenslufthaken;505050;10;1111;101_4v5_A4_A4_DM;5,8;6,2;mm;2;2020-02-19 01:15:55.000511;6,0;5;6,0;6,0
146;13;505050_2;777775;324049916;4711;Siemenslufthaken;505050;10;1111;101_4v5_A4_A4_DM;5,8;6,2;mm;2;2020-02-19 01:15:55.000511;6,0;5;6,0;6,0;14;777775;324049916;4711;Siemenslufthaken;505050;10;1111;101_4v5_A4_A4_DM;5,8;6,2;mm;2;2020-02-19 01:15:58.000512;5,94;5;5,94;5,94
147;13;505050_2;777775;324049916;4711;Siemenslufthaken;505050;10;1111;101_4v5_A4_A4_DM;5,8;6,2;mm;2;2020-02-19 01:15:55.000511;6,0;5;6,0;6,0;15;777775;324049916;4711;Siemenslufthaken;505050;10;1111;101_4v5_A4_A4_DM;5,8;6,2;mm;2;2020-02-19 01:16:20.000513;6,322928;6;6,322928;6,322928
148;13;505050_2;777775;324049916;4711;Siemenslufthaken;505050;10;1111;101_4v5_A4_A4_DM;5,8;6,2;mm;2;2020-02-19 01:15:55.000511;6,0;5;6,0;6,0;16;777775;324049916;4711;Siemenslufthaken;505050;10;1111;101_4v5_A4_A4_DM;5,8;6,2;mm;2;2020-02-19 01:16:22.000514;10,0;6;10,0;10,0
149;13;505050_2;777775;324049916;4711;Siemenslufthaken;505050;10;1111;101_4v5_A4_A4_DM;5,8;6,2;mm;2;2020-02-19 01:15:55.000511;6,0;5;6,0;6,0;17;777775;324049916;4711;Siemenslufthaken;505050;10;1111;101_4v5_A4_A4_DM;5,8;6,2;mm;2;2020-02-19 01:16:24.000515;6,2;6;6,2;6,2
150;13;505050_2;777775;324049916;4711;Siemenslufthaken;505050;10;1111;101_4v5_A4_A4_DM;5,8;6,2;mm;2;2020-02-19 01:15:55.000511;6,0;5;6,0;6,0;18;777775;324049916;4711;Siemenslufthaken;505050;10;1111;101_4v5_A4_A4_DM;5,8;6,2;mm;2;2020-02-19 01:16:30.000516;6,05;7;6,05;6,05
151;13;505050_2;777775;324049916;4711;Siemenslufthaken;505050;10;1111;101_4v5_A4_A4_DM;5,8;6,2;mm;2;2020-02-19 01:15:55.000511;6,0;5;6,0;6,0;19;777775;324049916;4711;Siemenslufthaken;505050;10;1111;101_4v5_A4_A4_DM;5,8;6,2;mm;2;2020-02-19 01:16:40.000517;11,003;7;11,003;11,003
152;13;505050_2;777775;324049916;4711;Siemenslufthaken;505050;10;1111;101_4v5_A4_A4_DM;5,8;6,2;mm;2;2020-02-19 01:15:55.000511;6,0;5;6,0;6,0;20;777775;324049916;4711;Siemenslufthaken;505050;10;1111;101_4v5_A4_A4_DM;5,8;6,2;mm;2;2020-02-19 01:16:50.000518;6,0678843;7;6,0678843;6,0678843
153;13;505050_2;777775;324049916;4711;Siemenslufthaken;505050;10;1111;101_4v5_A4_A4_DM;5,8;6,2;mm;2;2020-02-19 01:15:55.000511;6,0;5;6,0;6,0;21;777775;324049916;4711;Siemenslufthaken;505050;10;1111;101_4v5_A4_A4_DM;5,8;6,2;mm;2;2020-02-19 01:16:51.000519;6,03;8;6,03;6,03
154;13;505050_2;777775;324049916;4711;Siemenslufthaken;505050;10;1111;101_4v5_A4_A4_DM;5,8;6,2;mm;2;2020-02-19 01:15:55.000511;6,0;5;6,0;6,0;22;777775;324049916;4711;Siemenslufthaken;505050;10;1111;101_4v5_A4_A4_DM;5,8;6,2;mm;2;2020-02-19 01:16:52.000520;6,04;8;6,04;1,0
155;13;505050_2;777775;324049916;4711;Siemenslufthaken;505050;10;1111;101_4v5_A4_A4_DM;5,8;6,2;mm;2;2020-02-19 01:15:55.000511;6,0;5;6,0;6,0;22;777775;324049916;4711;Siemenslufthaken;505050;10;1111;101_4v5_A4_A4_DM;5,8;6,2;mm;2;2020-02-19 01:16:54.000520;6,01;8;6,01;6,01
156;14;505050_2;777775;324049916;4711;Siemenslufthaken;505050;10;1111;101_4v5_A4_A4_DM;5,8;6,2;mm;2;2020-02-19 01:15:58.000512;5,94;5;5,94;5,94;10;777775;324049916;4711;Siemenslufthaken;505050;10;1111;101_4v5_A4_A4_DM;5,8;6,2;mm;2;2020-02-19 01:15:30.000508;6,0678843;4;6,0678843;6,0678843
157;14;505050_2;777775;324049916;4711;Siemenslufthaken;505050;10;1111;101_4v5_A4_A4_DM;5,8;6,2;mm;2;2020-02-19 01:15:58.000512;5,94;5;5,94;5,94;11;777775;324049916;4711;Siemenslufthaken;505050;10;1111;101_4v5_A4_A4_DM;5,8;6,2;mm;2;2020-02-19 01:15:35.000509;6,03;4;6,03;6,03
158;14;505050_2;777775;324049916;4711;Siemenslufthaken;505050;10;1111;101_4v5_A4_A4_DM;5,8;6,2;mm;2;2020-02-19 01:15:58.000512;5,94;5;5,94;5,94;12;777775;324049916;4711;Siemenslufthaken;505050;10;1111;101_4v5_A4_A4_DM;5,8;6,2;mm;2;2020-02-19 01:15:40.000510;6,04;5;6,04;6,04
159;14;505050_2;777775;324049916;4711;Siemenslufthaken;505050;10;1111;101_4v5_A4_A4_DM;5,8;6,2;mm;2;2020-02-19 01:15:58.000512;5,94;5;5,94;5,94;13;777775;324049916;4711;Siemenslufthaken;505050;10;1111;101_4v5_A4_A4_DM;5,8;6,2;mm;2;2020-02-19 01:15:55.000511;6,0;5;6,0;6,0
160;14;505050_2;777775;324049916;4711;Siemenslufthaken;505050;10;1111;101_4v5_A4_A4_DM;5,8;6,2;mm;2;2020-02-19 01:15:58.000512;5,94;5;5,94;5,94;14;777775;324049916;4711;Siemenslufthaken;505050;10;1111;101_4v5_A4_A4_DM;5,8;6,2;mm;2;2020-02-19 01:15:58.000512;5,94;5;5,94;5,94
161;14;505050_2;777775;324049916;4711;Siemenslufthaken;505050;10;1111;101_4v5_A4_A4_DM;5,8;6,2;mm;2;2020-02-19 01:15:58.000512;5,94;5;5,94;5,94;15;777775;324049916;4711;Siemenslufthaken;505050;10;1111;101_4v5_A4_A4_DM;5,8;6,2;mm;2;2020-02-19 01:16:20.000513;6,322928;6;6,322928;6,322928
162;14;505050_2;777775;324049916;4711;Siemenslufthaken;505050;10;1111;101_4v5_A4_A4_DM;5,8;6,2;mm;2;2020-02-19 01:15:58.000512;5,94;5;5,94;5,94;16;777775;324049916;4711;Siemenslufthaken;505050;10;1111;101_4v5_A4_A4_DM;5,8;6,2;mm;2;2020-02-19 01:16:22.000514;10,0;6;10,0;10,0
163;14;505050_2;777775;324049916;4711;Siemenslufthaken;505050;10;1111;101_4v5_A4_A4_DM;5,8;6,2;mm;2;2020-02-19 01:15:58.000512;5,94;5;5,94;5,94;17;777775;324049916;4711;Siemenslufthaken;505050;10;1111;101_4v5_A4_A4_DM;5,8;6,2;mm;2;2020-02-19 01:16:24.000515;6,2;6;6,2;6,2
164;14;505050_2;777775;324049916;4711;Siemenslufthaken;505050;10;1111;101_4v5_A4_A4_DM;5,8;6,2;mm;2;2020-02-19 01:15:58.000512;5,94;5;5,94;5,94;18;777775;324049916;4711;Siemenslufthaken;505050;10;1111;101_4v5_A4_A4_DM;5,8;6,2;mm;2;2020-02-19 01:16:30.000516;6,05;7;6,05;6,05
165;14;505050_2;777775;324049916;4711;Siemenslufthaken;505050;10;1111;101_4v5_A4_A4_DM;5,8;6,2;mm;2;2020-02-19 01:15:58.000512;5,94;5;5,94;5,94;19;777775;324049916;4711;Siemenslufthaken;505050;10;1111;101_4v5_A4_A4_DM;5,8;6,2;mm;2;2020-02-19 01:16:40.000517;11,003;7;11,003;11,003
166;14;505050_2;777775;324049916;4711;Siemenslufthaken;505050;10;1111;101_4v5_A4_A4_DM;5,8;6,2;mm;2;2020-02-19 01:15:58.000512;5,94;5;5,94;5,94;20;777775;324049916;4711;Siemenslufthaken;505050;10;1111;101_4v5_A4_A4_DM;5,8;6,2;mm;2;2020-02-19 01:16:50.000518;6,0678843;7;6,0678843;6,0678843
167;14;505050_2;777775;324049916;4711;Siemenslufthaken;505050;10;1111;101_4v5_A4_A4_DM;5,8;6,2;mm;2;2020-02-19 01:15:58.000512;5,94;5;5,94;5,94;21;777775;324049916;4711;Siemenslufthaken;505050;10;1111;101_4v5_A4_A4_DM;5,8;6,2;mm;2;2020-02-19 01:16:51.000519;6,03;8;6,03;6,03
168;14;505050_2;777775;324049916;4711;Siemenslufthaken;505050;10;1111;101_4v5_A4_A4_DM;5,8;6,2;mm;2;2020-02-19 01:15:58.000512;5,94;5;5,94;5,94;22;777775;324049916;4711;Siemenslufthaken;505050;10;1111;101_4v5_A4_A4_DM;5,8;6,2;mm;2;2020-02-19 01:16:52.000520;6,04;8;6,04;1,0
169;14;505050_2;777775;324049916;4711;Siemenslufthaken;505050;10;1111;101_4v5_A4_A4_DM;5,8;6,2;mm;2;2020-02-19 01:15:58.000512;5,94;5;5,94;5,94;22;777775;324049916;4711;Siemenslufthaken;505050;10;1111;101_4v5_A4_A4_DM;5,8;6,2;mm;2;2020-02-19 01:16:54.000520;6,01;8;6,01;6,01
170;15;505050_2;777775;324049916;4711;Siemenslufthaken;505050;10;1111;101_4v5_A4_A4_DM;5,8;6,2;mm;2;2020-02-19 01:16:20.000513;6,322928;6;6,322928;6,322928;10;777775;324049916;4711;Siemenslufthaken;505050;10;1111;101_4v5_A4_A4_DM;5,8;6,2;mm;2;2020-02-19 01:15:30.000508;6,0678843;4;6,0678843;6,0678843
171;15;505050_2;777775;324049916;4711;Siemenslufthaken;505050;10;1111;101_4v5_A4_A4_DM;5,8;6,2;mm;2;2020-02-19 01:16:20.000513;6,322928;6;6,322928;6,322928;11;777775;324049916;4711;Siemenslufthaken;505050;10;1111;101_4v5_A4_A4_DM;5,8;6,2;mm;2;2020-02-19 01:15:35.000509;6,03;4;6,03;6,03
172;15;505050_2;777775;324049916;4711;Siemenslufthaken;505050;10;1111;101_4v5_A4_A4_DM;5,8;6,2;mm;2;2020-02-19 01:16:20.000513;6,322928;6;6,322928;6,322928;12;777775;324049916;4711;Siemenslufthaken;505050;10;1111;101_4v5_A4_A4_DM;5,8;6,2;mm;2;2020-02-19 01:15:40.000510;6,04;5;6,04;6,04
173;15;505050_2;777775;324049916;4711;Siemenslufthaken;505050;10;1111;101_4v5_A4_A4_DM;5,8;6,2;mm;2;2020-02-19 01:16:20.000513;6,322928;6;6,322928;6,322928;13;777775;324049916;4711;Siemenslufthaken;505050;10;1111;101_4v5_A4_A4_DM;5,8;6,2;mm;2;2020-02-19 01:15:55.000511;6,0;5;6,0;6,0
174;15;505050_2;777775;324049916;4711;Siemenslufthaken;505050;10;1111;101_4v5_A4_A4_DM;5,8;6,2;mm;2;2020-02-19 01:16:20.000513;6,322928;6;6,322928;6,322928;14;777775;324049916;4711;Siemenslufthaken;505050;10;1111;101_4v5_A4_A4_DM;5,8;6,2;mm;2;2020-02-19 01:15:58.000512;5,94;5;5,94;5,94
175;15;505050_2;777775;324049916;4711;Siemenslufthaken;505050;10;1111;101_4v5_A4_A4_DM;5,8;6,2;mm;2;2020-02-19 01:16:20.000513;6,322928;6;6,322928;6,322928;15;777775;324049916;4711;Siemenslufthaken;505050;10;1111;101_4v5_A4_A4_DM;5,8;6,2;mm;2;2020-02-19 01:16:20.000513;6,322928;6;6,322928;6,322928
176;15;505050_2;777775;324049916;4711;Siemenslufthaken;505050;10;1111;101_4v5_A4_A4_DM;5,8;6,2;mm;2;2020-02-19 01:16:20.000513;6,322928;6;6,322928;6,322928;16;777775;324049916;4711;Siemenslufthaken;505050;10;1111;101_4v5_A4_A4_DM;5,8;6,2;mm;2;2020-02-19 01:16:22.000514;10,0;6;10,0;10,0
177;15;505050_2;777775;324049916;4711;Siemenslufthaken;505050;10;1111;101_4v5_A4_A4_DM;5,8;6,2;mm;2;2020-02-19 01:16:20.000513;6,322928;6;6,322928;6,322928;17;777775;324049916;4711;Siemenslufthaken;505050;10;1111;101_4v5_A4_A4_DM;5,8;6,2;mm;2;2020-02-19 01:16:24.000515;6,2;6;6,2;6,2
178;15;505050_2;777775;324049916;4711;Siemenslufthaken;505050;10;1111;101_4v5_A4_A4_DM;5,8;6,2;mm;2;2020-02-19 01:16:20.000513;6,322928;6;6,322928;6,322928;18;777775;324049916;4711;Siemenslufthaken;505050;10;1111;101_4v5_A4_A4_DM;5,8;6,2;mm;2;2020-02-19 01:16:30.000516;6,05;7;6,05;6,05
179;15;505050_2;777775;324049916;4711;Siemenslufthaken;505050;10;1111;101_4v5_A4_A4_DM;5,8;6,2;mm;2;2020-02-19 01:16:20.000513;6,322928;6;6,322928;6,322928;19;777775;324049916;4711;Siemenslufthaken;505050;10;1111;101_4v5_A4_A4_DM;5,8;6,2;mm;2;2020-02-19 01:16:40.000517;11,003;7;11,003;11,003
180;15;505050_2;777775;324049916;4711;Siemenslufthaken;505050;10;1111;101_4v5_A4_A4_DM;5,8;6,2;mm;2;2020-02-19 01:16:20.000513;6,322928;6;6,322928;6,322928;20;777775;324049916;4711;Siemenslufthaken;505050;10;1111;101_4v5_A4_A4_DM;5,8;6,2;mm;2;2020-02-19 01:16:50.000518;6,0678843;7;6,0678843;6,0678843
181;15;505050_2;777775;324049916;4711;Siemenslufthaken;505050;10;1111;101_4v5_A4_A4_DM;5,8;6,2;mm;2;2020-02-19 01:16:20.000513;6,322928;6;6,322928;6,322928;21;777775;324049916;4711;Siemenslufthaken;505050;10;1111;101_4v5_A4_A4_DM;5,8;6,2;mm;2;2020-02-19 01:16:51.000519;6,03;8;6,03;6,03
182;15;505050_2;777775;324049916;4711;Siemenslufthaken;505050;10;1111;101_4v5_A4_A4_DM;5,8;6,2;mm;2;2020-02-19 01:16:20.000513;6,322928;6;6,322928;6,322928;22;777775;324049916;4711;Siemenslufthaken;505050;10;1111;101_4v5_A4_A4_DM;5,8;6,2;mm;2;2020-02-19 01:16:52.000520;6,04;8;6,04;1,0
183;15;505050_2;777775;324049916;4711;Siemenslufthaken;505050;10;1111;101_4v5_A4_A4_DM;5,8;6,2;mm;2;2020-02-19 01:16:20.000513;6,322928;6;6,322928;6,322928;22;777775;324049916;4711;Siemenslufthaken;505050;10;1111;101_4v5_A4_A4_DM;5,8;6,2;mm;2;2020-02-19 01:16:54.000520;6,01;8;6,01;6,01
184;16;505050_2;777775;324049916;4711;Siemenslufthaken;505050;10;1111;101_4v5_A4_A4_DM;5,8;6,2;mm;2;2020-02-19 01:16:22.000514;10,0;6;10,0;10,0;10;777775;324049916;4711;Siemenslufthaken;505050;10;1111;101_4v5_A4_A4_DM;5,8;6,2;mm;2;2020-02-19 01:15:30.000508;6,0678843;4;6,0678843;6,0678843
185;16;505050_2;777775;324049916;4711;Siemenslufthaken;505050;10;1111;101_4v5_A4_A4_DM;5,8;6,2;mm;2;2020-02-19 01:16:22.000514;10,0;6;10,0;10,0;11;777775;324049916;4711;Siemenslufthaken;505050;10;1111;101_4v5_A4_A4_DM;5,8;6,2;mm;2;2020-02-19 01:15:35.000509;6,03;4;6,03;6,03
186;16;505050_2;777775;324049916;4711;Siemenslufthaken;505050;10;1111;101_4v5_A4_A4_DM;5,8;6,2;mm;2;2020-02-19 01:16:22.000514;10,0;6;10,0;10,0;12;777775;324049916;4711;Siemenslufthaken;505050;10;1111;101_4v5_A4_A4_DM;5,8;6,2;mm;2;2020-02-19 01:15:40.000510;6,04;5;6,04;6,04
187;16;505050_2;777775;324049916;4711;Siemenslufthaken;505050;10;1111;101_4v5_A4_A4_DM;5,8;6,2;mm;2;2020-02-19 01:16:22.000514;10,0;6;10,0;10,0;13;777775;324049916;4711;Siemenslufthaken;505050;10;1111;101_4v5_A4_A4_DM;5,8;6,2;mm;2;2020-02-19 01:15:55.000511;6,0;5;6,0;6,0
188;16;505050_2;777775;324049916;4711;Siemenslufthaken;505050;10;1111;101_4v5_A4_A4_DM;5,8;6,2;mm;2;2020-02-19 01:16:22.000514;10,0;6;10,0;10,0;14;777775;324049916;4711;Siemenslufthaken;505050;10;1111;101_4v5_A4_A4_DM;5,8;6,2;mm;2;2020-02-19 01:15:58.000512;5,94;5;5,94;5,94
189;16;505050_2;777775;324049916;4711;Siemenslufthaken;505050;10;1111;101_4v5_A4_A4_DM;5,8;6,2;mm;2;2020-02-19 01:16:22.000514;10,0;6;10,0;10,0;15;777775;324049916;4711;Siemenslufthaken;505050;10;1111;101_4v5_A4_A4_DM;5,8;6,2;mm;2;2020-02-19 01:16:20.000513;6,322928;6;6,322928;6,322928
190;16;505050_2;777775;324049916;4711;Siemenslufthaken;505050;10;1111;101_4v5_A4_A4_DM;5,8;6,2;mm;2;2020-02-19 01:16:22.000514;10,0;6;10,0;10,0;16;777775;324049916;4711;Siemenslufthaken;505050;10;1111;101_4v5_A4_A4_DM;5,8;6,2;mm;2;2020-02-19 01:16:22.000514;10,0;6;10,0;10,0
191;16;505050_2;777775;324049916;4711;Siemenslufthaken;505050;10;1111;101_4v5_A4_A4_DM;5,8;6,2;mm;2;2020-02-19 01:16:22.000514;10,0;6;10,0;10,0;17;777775;324049916;4711;Siemenslufthaken;505050;10;1111;101_4v5_A4_A4_DM;5,8;6,2;mm;2;2020-02-19 01:16:24.000515;6,2;6;6,2;6,2
192;16;505050_2;777775;324049916;4711;Siemenslufthaken;505050;10;1111;101_4v5_A4_A4_DM;5,8;6,2;mm;2;2020-02-19 01:16:22.000514;10,0;6;10,0;10,0;18;777775;324049916;4711;Siemenslufthaken;505050;10;1111;101_4v5_A4_A4_DM;5,8;6,2;mm;2;2020-02-19 01:16:30.000516;6,05;7;6,05;6,05
193;16;505050_2;777775;324049916;4711;Siemenslufthaken;505050;10;1111;101_4v5_A4_A4_DM;5,8;6,2;mm;2;2020-02-19 01:16:22.000514;10,0;6;10,0;10,0;19;777775;324049916;4711;Siemenslufthaken;505050;10;1111;101_4v5_A4_A4_DM;5,8;6,2;mm;2;2020-02-19 01:16:40.000517;11,003;7;11,003;11,003
194;16;505050_2;777775;324049916;4711;Siemenslufthaken;505050;10;1111;101_4v5_A4_A4_DM;5,8;6,2;mm;2;2020-02-19 01:16:22.000514;10,0;6;10,0;10,0;20;777775;324049916;4711;Siemenslufthaken;505050;10;1111;101_4v5_A4_A4_DM;5,8;6,2;mm;2;2020-02-19 01:16:50.000518;6,0678843;7;6,0678843;6,0678843
195;16;505050_2;777775;324049916;4711;Siemenslufthaken;505050;10;1111;101_4v5_A4_A4_DM;5,8;6,2;mm;2;2020-02-19 01:16:22.000514;10,0;6;10,0;10,0;21;777775;324049916;4711;Siemenslufthaken;505050;10;1111;101_4v5_A4_A4_DM;5,8;6,2;mm;2;2020-02-19 01:16:51.000519;6,03;8;6,03;6,03
196;16;505050_2;777775;324049916;4711;Siemenslufthaken;505050;10;1111;101_4v5_A4_A4_DM;5,8;6,2;mm;2;2020-02-19 01:16:22.000514;10,0;6;10,0;10,0;22;777775;324049916;4711;Siemenslufthaken;505050;10;1111;101_4v5_A4_A4_DM;5,8;6,2;mm;2;2020-02-19 01:16:52.000520;6,04;8;6,04;1,0
197;16;505050_2;777775;324049916;4711;Siemenslufthaken;505050;10;1111;101_4v5_A4_A4_DM;5,8;6,2;mm;2;2020-02-19 01:16:22.000514;10,0;6;10,0;10,0;22;777775;324049916;4711;Siemenslufthaken;505050;10;1111;101_4v5_A4_A4_DM;5,8;6,2;mm;2;2020-02-19 01:16:54.000520;6,01;8;6,01;6,01
198;17;505050_2;777775;324049916;4711;Siemenslufthaken;505050;10;1111;101_4v5_A4_A4_DM;5,8;6,2;mm;2;2020-02-19 01:16:24.000515;6,2;6;6,2;6,2;10;777775;324049916;4711;Siemenslufthaken;505050;10;1111;101_4v5_A4_A4_DM;5,8;6,2;mm;2;2020-02-19 01:15:30.000508;6,0678843;4;6,0678843;6,0678843
199;17;505050_2;777775;324049916;4711;Siemenslufthaken;505050;10;1111;101_4v5_A4_A4_DM;5,8;6,2;mm;2;2020-02-19 01:16:24.000515;6,2;6;6,2;6,2;11;777775;324049916;4711;Siemenslufthaken;505050;10;1111;101_4v5_A4_A4_DM;5,8;6,2;mm;2;2020-02-19 01:15:35.000509;6,03;4;6,03;6,03
200;17;505050_2;777775;324049916;4711;Siemenslufthaken;505050;10;1111;101_4v5_A4_A4_DM;5,8;6,2;mm;2;2020-02-19 01:16:24.000515;6,2;6;6,2;6,2;12;777775;324049916;4711;Siemenslufthaken;505050;10;1111;101_4v5_A4_A4_DM;5,8;6,2;mm;2;2020-02-19 01:15:40.000510;6,04;5;6,04;6,04
201;17;505050_2;777775;324049916;4711;Siemenslufthaken;505050;10;1111;101_4v5_A4_A4_DM;5,8;6,2;mm;2;2020-02-19 01:16:24.000515;6,2;6;6,2;6,2;13;777775;324049916;4711;Siemenslufthaken;505050;10;1111;101_4v5_A4_A4_DM;5,8;6,2;mm;2;2020-02-19 01:15:55.000511;6,0;5;6,0;6,0
202;17;505050_2;777775;324049916;4711;Siemenslufthaken;505050;10;1111;101_4v5_A4_A4_DM;5,8;6,2;mm;2;2020-02-19 01:16:24.000515;6,2;6;6,2;6,2;14;777775;324049916;4711;Siemenslufthaken;505050;10;1111;101_4v5_A4_A4_DM;5,8;6,2;mm;2;2020-02-19 01:15:58.000512;5,94;5;5,94;5,94
203;17;505050_2;777775;324049916;4711;Siemenslufthaken;505050;10;1111;101_4v5_A4_A4_DM;5,8;6,2;mm;2;2020-02-19 01:16:24.000515;6,2;6;6,2;6,2;15;777775;324049916;4711;Siemenslufthaken;505050;10;1111;101_4v5_A4_A4_DM;5,8;6,2;mm;2;2020-02-19 01:16:20.000513;6,322928;6;6,322928;6,322928
204;17;505050_2;777775;324049916;4711;Siemenslufthaken;505050;10;1111;101_4v5_A4_A4_DM;5,8;6,2;mm;2;2020-02-19 01:16:24.000515;6,2;6;6,2;6,2;16;777775;324049916;4711;Siemenslufthaken;505050;10;1111;101_4v5_A4_A4_DM;5,8;6,2;mm;2;2020-02-19 01:16:22.000514;10,0;6;10,0;10,0
205;17;505050_2;777775;324049916;4711;Siemenslufthaken;505050;10;1111;101_4v5_A4_A4_DM;5,8;6,2;mm;2;2020-02-19 01:16:24.000515;6,2;6;6,2;6,2;17;777775;324049916;4711;Siemenslufthaken;505050;10;1111;101_4v5_A4_A4_DM;5,8;6,2;mm;2;2020-02-19 01:16:24.000515;6,2;6;6,2;6,2
206;17;505050_2;777775;324049916;4711;Siemenslufthaken;505050;10;1111;101_4v5_A4_A4_DM;5,8;6,2;mm;2;2020-02-19 01:16:24.000515;6,2;6;6,2;6,2;18;777775;324049916;4711;Siemenslufthaken;505050;10;1111;101_4v5_A4_A4_DM;5,8;6,2;mm;2;2020-02-19 01:16:30.000516;6,05;7;6,05;6,05
207;17;505050_2;777775;324049916;4711;Siemenslufthaken;505050;10;1111;101_4v5_A4_A4_DM;5,8;6,2;mm;2;2020-02-19 01:16:24.000515;6,2;6;6,2;6,2;19;777775;324049916;4711;Siemenslufthaken;505050;10;1111;101_4v5_A4_A4_DM;5,8;6,2;mm;2;2020-02-19 01:16:40.000517;11,003;7;11,003;11,003
208;17;505050_2;777775;324049916;4711;Siemenslufthaken;505050;10;1111;101_4v5_A4_A4_DM;5,8;6,2;mm;2;2020-02-19 01:16:24.000515;6,2;6;6,2;6,2;20;777775;324049916;4711;Siemenslufthaken;505050;10;1111;101_4v5_A4_A4_DM;5,8;6,2;mm;2;2020-02-19 01:16:50.000518;6,0678843;7;6,0678843;6,0678843
209;17;505050_2;777775;324049916;4711;Siemenslufthaken;505050;10;1111;101_4v5_A4_A4_DM;5,8;6,2;mm;2;2020-02-19 01:16:24.000515;6,2;6;6,2;6,2;21;777775;324049916;4711;Siemenslufthaken;505050;10;1111;101_4v5_A4_A4_DM;5,8;6,2;mm;2;2020-02-19 01:16:51.000519;6,03;8;6,03;6,03
210;17;505050_2;777775;324049916;4711;Siemenslufthaken;505050;10;1111;101_4v5_A4_A4_DM;5,8;6,2;mm;2;2020-02-19 01:16:24.000515;6,2;6;6,2;6,2;22;777775;324049916;4711;Siemenslufthaken;505050;10;1111;101_4v5_A4_A4_DM;5,8;6,2;mm;2;2020-02-19 01:16:52.000520;6,04;8;6,04;1,0
211;17;505050_2;777775;324049916;4711;Siemenslufthaken;505050;10;1111;101_4v5_A4_A4_DM;5,8;6,2;mm;2;2020-02-19 01:16:24.000515;6,2;6;6,2;6,2;22;777775;324049916;4711;Siemenslufthaken;505050;10;1111;101_4v5_A4_A4_DM;5,8;6,2;mm;2;2020-02-19 01:16:54.000520;6,01;8;6,01;6,01
212;18;505050_2;777775;324049916;4711;Siemenslufthaken;505050;10;1111;101_4v5_A4_A4_DM;5,8;6,2;mm;2;2020-02-19 01:16:30.000516;6,05;7;6,05;6,05;10;777775;324049916;4711;Siemenslufthaken;505050;10;1111;101_4v5_A4_A4_DM;5,8;6,2;mm;2;2020-02-19 01:15:30.000508;6,0678843;4;6,0678843;6,0678843
213;18;505050_2;777775;324049916;4711;Siemenslufthaken;505050;10;1111;101_4v5_A4_A4_DM;5,8;6,2;mm;2;2020-02-19 01:16:30.000516;6,05;7;6,05;6,05;11;777775;324049916;4711;Siemenslufthaken;505050;10;1111;101_4v5_A4_A4_DM;5,8;6,2;mm;2;2020-02-19 01:15:35.000509;6,03;4;6,03;6,03
214;18;505050_2;777775;324049916;4711;Siemenslufthaken;505050;10;1111;101_4v5_A4_A4_DM;5,8;6,2;mm;2;2020-02-19 01:16:30.000516;6,05;7;6,05;6,05;12;777775;324049916;4711;Siemenslufthaken;505050;10;1111;101_4v5_A4_A4_DM;5,8;6,2;mm;2;2020-02-19 01:15:40.000510;6,04;5;6,04;6,04
215;18;505050_2;777775;324049916;4711;Siemenslufthaken;505050;10;1111;101_4v5_A4_A4_DM;5,8;6,2;mm;2;2020-02-19 01:16:30.000516;6,05;7;6,05;6,05;13;777775;324049916;4711;Siemenslufthaken;505050;10;1111;101_4v5_A4_A4_DM;5,8;6,2;mm;2;2020-02-19 01:15:55.000511;6,0;5;6,0;6,0
216;18;505050_2;777775;324049916;4711;Siemenslufthaken;505050;10;1111;101_4v5_A4_A4_DM;5,8;6,2;mm;2;2020-02-19 01:16:30.000516;6,05;7;6,05;6,05;14;777775;324049916;4711;Siemenslufthaken;505050;10;1111;101_4v5_A4_A4_DM;5,8;6,2;mm;2;2020-02-19 01:15:58.000512;5,94;5;5,94;5,94
217;18;505050_2;777775;324049916;4711;Siemenslufthaken;505050;10;1111;101_4v5_A4_A4_DM;5,8;6,2;mm;2;2020-02-19 01:16:30.000516;6,05;7;6,05;6,05;15;777775;324049916;4711;Siemenslufthaken;505050;10;1111;101_4v5_A4_A4_DM;5,8;6,2;mm;2;2020-02-19 01:16:20.000513;6,322928;6;6,322928;6,322928
218;18;505050_2;777775;324049916;4711;Siemenslufthaken;505050;10;1111;101_4v5_A4_A4_DM;5,8;6,2;mm;2;2020-02-19 01:16:30.000516;6,05;7;6,05;6,05;16;777775;324049916;4711;Siemenslufthaken;505050;10;1111;101_4v5_A4_A4_DM;5,8;6,2;mm;2;2020-02-19 01:16:22.000514;10,0;6;10,0;10,0
219;18;505050_2;777775;324049916;4711;Siemenslufthaken;505050;10;1111;101_4v5_A4_A4_DM;5,8;6,2;mm;2;2020-02-19 01:16:30.000516;6,05;7;6,05;6,05;17;777775;324049916;4711;Siemenslufthaken;505050;10;1111;101_4v5_A4_A4_DM;5,8;6,2;mm;2;2020-02-19 01:16:24.000515;6,2;6;6,2;6,2
220;18;505050_2;777775;324049916;4711;Siemenslufthaken;505050;10;1111;101_4v5_A4_A4_DM;5,8;6,2;mm;2;2020-02-19 01:16:30.000516;6,05;7;6,05;6,05;18;777775;324049916;4711;Siemenslufthaken;505050;10;1111;101_4v5_A4_A4_DM;5,8;6,2;mm;2;2020-02-19 01:16:30.000516;6,05;7;6,05;6,05
221;18;505050_2;777775;324049916;4711;Siemenslufthaken;505050;10;1111;101_4v5_A4_A4_DM;5,8;6,2;mm;2;2020-02-19 01:16:30.000516;6,05;7;6,05;6,05;19;777775;324049916;4711;Siemenslufthaken;505050;10;1111;101_4v5_A4_A4_DM;5,8;6,2;mm;2;2020-02-19 01:16:40.000517;11,003;7;11,003;11,003
222;18;505050_2;777775;324049916;4711;Siemenslufthaken;505050;10;1111;101_4v5_A4_A4_DM;5,8;6,2;mm;2;2020-02-19 01:16:30.000516;6,05;7;6,05;6,05;20;777775;324049916;4711;Siemenslufthaken;505050;10;1111;101_4v5_A4_A4_DM;5,8;6,2;mm;2;2020-02-19 01:16:50.000518;6,0678843;7;6,0678843;6,0678843
223;18;505050_2;777775;324049916;4711;Siemenslufthaken;505050;10;1111;101_4v5_A4_A4_DM;5,8;6,2;mm;2;2020-02-19 01:16:30.000516;6,05;7;6,05;6,05;21;777775;324049916;4711;Siemenslufthaken;505050;10;1111;101_4v5_A4_A4_DM;5,8;6,2;mm;2;2020-02-19 01:16:51.000519;6,03;8;6,03;6,03
224;18;505050_2;777775;324049916;4711;Siemenslufthaken;505050;10;1111;101_4v5_A4_A4_DM;5,8;6,2;mm;2;2020-02-19 01:16:30.000516;6,05;7;6,05;6,05;22;777775;324049916;4711;Siemenslufthaken;505050;10;1111;101_4v5_A4_A4_DM;5,8;6,2;mm;2;2020-02-19 01:16:52.000520;6,04;8;6,04;1,0
225;18;505050_2;777775;324049916;4711;Siemenslufthaken;505050;10;1111;101_4v5_A4_A4_DM;5,8;6,2;mm;2;2020-02-19 01:16:30.000516;6,05;7;6,05;6,05;22;777775;324049916;4711;Siemenslufthaken;505050;10;1111;101_4v5_A4_A4_DM;5,8;6,2;mm;2;2020-02-19 01:16:54.000520;6,01;8;6,01;6,01
226;19;505050_2;777775;324049916;4711;Siemenslufthaken;505050;10;1111;101_4v5_A4_A4_DM;5,8;6,2;mm;2;2020-02-19 01:16:40.000517;11,003;7;11,003;11,003;10;777775;324049916;4711;Siemenslufthaken;505050;10;1111;101_4v5_A4_A4_DM;5,8;6,2;mm;2;2020-02-19 01:15:30.000508;6,0678843;4;6,0678843;6,0678843
227;19;505050_2;777775;324049916;4711;Siemenslufthaken;505050;10;1111;101_4v5_A4_A4_DM;5,8;6,2;mm;2;2020-02-19 01:16:40.000517;11,003;7;11,003;11,003;11;777775;324049916;4711;Siemenslufthaken;505050;10;1111;101_4v5_A4_A4_DM;5,8;6,2;mm;2;2020-02-19 01:15:35.000509;6,03;4;6,03;6,03
228;19;505050_2;777775;324049916;4711;Siemenslufthaken;505050;10;1111;101_4v5_A4_A4_DM;5,8;6,2;mm;2;2020-02-19 01:16:40.000517;11,003;7;11,003;11,003;12;777775;324049916;4711;Siemenslufthaken;505050;10;1111;101_4v5_A4_A4_DM;5,8;6,2;mm;2;2020-02-19 01:15:40.000510;6,04;5;6,04;6,04
229;19;505050_2;777775;324049916;4711;Siemenslufthaken;505050;10;1111;101_4v5_A4_A4_DM;5,8;6,2;mm;2;2020-02-19 01:16:40.000517;11,003;7;11,003;11,003;13;777775;324049916;4711;Siemenslufthaken;505050;10;1111;101_4v5_A4_A4_DM;5,8;6,2;mm;2;2020-02-19 01:15:55.000511;6,0;5;6,0;6,0
230;19;505050_2;777775;324049916;4711;Siemenslufthaken;505050;10;1111;101_4v5_A4_A4_DM;5,8;6,2;mm;2;2020-02-19 01:16:40.000517;11,003;7;11,003;11,003;14;777775;324049916;4711;Siemenslufthaken;505050;10;1111;101_4v5_A4_A4_DM;5,8;6,2;mm;2;2020-02-19 01:15:58.000512;5,94;5;5,94;5,94
231;19;505050_2;777775;324049916;4711;Siemenslufthaken;505050;10;1111;101_4v5_A4_A4_DM;5,8;6,2;mm;2;2020-02-19 01:16:40.000517;11,003;7;11,003;11,003;15;777775;324049916;4711;Siemenslufthaken;505050;10;1111;101_4v5_A4_A4_DM;5,8;6,2;mm;2;2020-02-19 01:16:20.000513;6,322928;6;6,322928;6,322928
232;19;505050_2;777775;324049916;4711;Siemenslufthaken;505050;10;1111;101_4v5_A4_A4_DM;5,8;6,2;mm;2;2020-02-19 01:16:40.000517;11,003;7;11,003;11,003;16;777775;324049916;4711;Siemenslufthaken;505050;10;1111;101_4v5_A4_A4_DM;5,8;6,2;mm;2;2020-02-19 01:16:22.000514;10,0;6;10,0;10,0
233;19;505050_2;777775;324049916;4711;Siemenslufthaken;505050;10;1111;101_4v5_A4_A4_DM;5,8;6,2;mm;2;2020-02-19 01:16:40.000517;11,003;7;11,003;11,003;17;777775;324049916;4711;Siemenslufthaken;505050;10;1111;101_4v5_A4_A4_DM;5,8;6,2;mm;2;2020-02-19 01:16:24.000515;6,2;6;6,2;6,2
234;19;505050_2;777775;324049916;4711;Siemenslufthaken;505050;10;1111;101_4v5_A4_A4_DM;5,8;6,2;mm;2;2020-02-19 01:16:40.000517;11,003;7;11,003;11,003;18;777775;324049916;4711;Siemenslufthaken;505050;10;1111;101_4v5_A4_A4_DM;5,8;6,2;mm;2;2020-02-19 01:16:30.000516;6,05;7;6,05;6,05
235;19;505050_2;777775;324049916;4711;Siemenslufthaken;505050;10;1111;101_4v5_A4_A4_DM;5,8;6,2;mm;2;2020-02-19 01:16:40.000517;11,003;7;11,003;11,003;19;777775;324049916;4711;Siemenslufthaken;505050;10;1111;101_4v5_A4_A4_DM;5,8;6,2;mm;2;2020-02-19 01:16:40.000517;11,003;7;11,003;11,003
236;19;505050_2;777775;324049916;4711;Siemenslufthaken;505050;10;1111;101_4v5_A4_A4_DM;5,8;6,2;mm;2;2020-02-19 01:16:40.000517;11,003;7;11,003;11,003;20;777775;324049916;4711;Siemenslufthaken;505050;10;1111;101_4v5_A4_A4_DM;5,8;6,2;mm;2;2020-02-19 01:16:50.000518;6,0678843;7;6,0678843;6,0678843
237;19;505050_2;777775;324049916;4711;Siemenslufthaken;505050;10;1111;101_4v5_A4_A4_DM;5,8;6,2;mm;2;2020-02-19 01:16:40.000517;11,003;7;11,003;11,003;21;777775;324049916;4711;Siemenslufthaken;505050;10;1111;101_4v5_A4_A4_DM;5,8;6,2;mm;2;2020-02-19 01:16:51.000519;6,03;8;6,03;6,03
238;19;505050_2;777775;324049916;4711;Siemenslufthaken;505050;10;1111;101_4v5_A4_A4_DM;5,8;6,2;mm;2;2020-02-19 01:16:40.000517;11,003;7;11,003;11,003;22;777775;324049916;4711;Siemenslufthaken;505050;10;1111;101_4v5_A4_A4_DM;5,8;6,2;mm;2;2020-02-19 01:16:52.000520;6,04;8;6,04;1,0
239;19;505050_2;777775;324049916;4711;Siemenslufthaken;505050;10;1111;101_4v5_A4_A4_DM;5,8;6,2;mm;2;2020-02-19 01:16:40.000517;11,003;7;11,003;11,003;22;777775;324049916;4711;Siemenslufthaken;505050;10;1111;101_4v5_A4_A4_DM;5,8;6,2;mm;2;2020-02-19 01:16:54.000520;6,01;8;6,01;6,01
240;20;505050_2;777775;324049916;4711;Siemenslufthaken;505050;10;1111;101_4v5_A4_A4_DM;5,8;6,2;mm;2;2020-02-19 01:16:50.000518;6,0678843;7;6,0678843;6,0678843;10;777775;324049916;4711;Siemenslufthaken;505050;10;1111;101_4v5_A4_A4_DM;5,8;6,2;mm;2;2020-02-19 01:15:30.000508;6,0678843;4;6,0678843;6,0678843
241;20;505050_2;777775;324049916;4711;Siemenslufthaken;505050;10;1111;101_4v5_A4_A4_DM;5,8;6,2;mm;2;2020-02-19 01:16:50.000518;6,0678843;7;6,0678843;6,0678843;11;777775;324049916;4711;Siemenslufthaken;505050;10;1111;101_4v5_A4_A4_DM;5,8;6,2;mm;2;2020-02-19 01:15:35.000509;6,03;4;6,03;6,03
242;20;505050_2;777775;324049916;4711;Siemenslufthaken;505050;10;1111;101_4v5_A4_A4_DM;5,8;6,2;mm;2;2020-02-19 01:16:50.000518;6,0678843;7;6,0678843;6,0678843;12;777775;324049916;4711;Siemenslufthaken;505050;10;1111;101_4v5_A4_A4_DM;5,8;6,2;mm;2;2020-02-19 01:15:40.000510;6,04;5;6,04;6,04
243;20;505050_2;777775;324049916;4711;Siemenslufthaken;505050;10;1111;101_4v5_A4_A4_DM;5,8;6,2;mm;2;2020-02-19 01:16:50.000518;6,0678843;7;6,0678843;6,0678843;13;777775;324049916;4711;Siemenslufthaken;505050;10;1111;101_4v5_A4_A4_DM;5,8;6,2;mm;2;2020-02-19 01:15:55.000511;6,0;5;6,0;6,0
244;20;505050_2;777775;324049916;4711;Siemenslufthaken;505050;10;1111;101_4v5_A4_A4_DM;5,8;6,2;mm;2;2020-02-19 01:16:50.000518;6,0678843;7;6,0678843;6,0678843;14;777775;324049916;4711;Siemenslufthaken;505050;10;1111;101_4v5_A4_A4_DM;5,8;6,2;mm;2;2020-02-19 01:15:58.000512;5,94;5;5,94;5,94
245;20;505050_2;777775;324049916;4711;Siemenslufthaken;505050;10;1111;101_4v5_A4_A4_DM;5,8;6,2;mm;2;2020-02-19 01:16:50.000518;6,0678843;7;6,0678843;6,0678843;15;777775;324049916;4711;Siemenslufthaken;505050;10;1111;101_4v5_A4_A4_DM;5,8;6,2;mm;2;2020-02-19 01:16:20.000513;6,322928;6;6,322928;6,322928
246;20;505050_2;777775;324049916;4711;Siemenslufthaken;505050;10;1111;101_4v5_A4_A4_DM;5,8;6,2;mm;2;2020-02-19 01:16:50.000518;6,0678843;7;6,0678843;6,0678843;16;777775;324049916;4711;Siemenslufthaken;505050;10;1111;101_4v5_A4_A4_DM;5,8;6,2;mm;2;2020-02-19 01:16:22.000514;10,0;6;10,0;10,0
247;20;505050_2;777775;324049916;4711;Siemenslufthaken;505050;10;1111;101_4v5_A4_A4_DM;5,8;6,2;mm;2;2020-02-19 01:16:50.000518;6,0678843;7;6,0678843;6,0678843;17;777775;324049916;4711;Siemenslufthaken;505050;10;1111;101_4v5_A4_A4_DM;5,8;6,2;mm;2;2020-02-19 01:16:24.000515;6,2;6;6,2;6,2
248;20;505050_2;777775;324049916;4711;Siemenslufthaken;505050;10;1111;101_4v5_A4_A4_DM;5,8;6,2;mm;2;2020-02-19 01:16:50.000518;6,0678843;7;6,0678843;6,0678843;18;777775;324049916;4711;Siemenslufthaken;505050;10;1111;101_4v5_A4_A4_DM;5,8;6,2;mm;2;2020-02-19 01:16:30.000516;6,05;7;6,05;6,05
249;20;505050_2;777775;324049916;4711;Siemenslufthaken;505050;10;1111;101_4v5_A4_A4_DM;5,8;6,2;mm;2;2020-02-19 01:16:50.000518;6,0678843;7;6,0678843;6,0678843;19;777775;324049916;4711;Siemenslufthaken;505050;10;1111;101_4v5_A4_A4_DM;5,8;6,2;mm;2;2020-02-19 01:16:40.000517;11,003;7;11,003;11,003
250;20;505050_2;777775;324049916;4711;Siemenslufthaken;505050;10;1111;101_4v5_A4_A4_DM;5,8;6,2;mm;2;2020-02-19 01:16:50.000518;6,0678843;7;6,0678843;6,0678843;20;777775;324049916;4711;Siemenslufthaken;505050;10;1111;101_4v5_A4_A4_DM;5,8;6,2;mm;2;2020-02-19 01:16:50.000518;6,0678843;7;6,0678843;6,0678843
251;20;505050_2;777775;324049916;4711;Siemenslufthaken;505050;10;1111;101_4v5_A4_A4_DM;5,8;6,2;mm;2;2020-02-19 01:16:50.000518;6,0678843;7;6,0678843;6,0678843;21;777775;324049916;4711;Siemenslufthaken;505050;10;1111;101_4v5_A4_A4_DM;5,8;6,2;mm;2;2020-02-19 01:16:51.000519;6,03;8;6,03;6,03
252;20;505050_2;777775;324049916;4711;Siemenslufthaken;505050;10;1111;101_4v5_A4_A4_DM;5,8;6,2;mm;2;2020-02-19 01:16:50.000518;6,0678843;7;6,0678843;6,0678843;22;777775;324049916;4711;Siemenslufthaken;505050;10;1111;101_4v5_A4_A4_DM;5,8;6,2;mm;2;2020-02-19 01:16:52.000520;6,04;8;6,04;1,0
253;20;505050_2;777775;324049916;4711;Siemenslufthaken;505050;10;1111;101_4v5_A4_A4_DM;5,8;6,2;mm;2;2020-02-19 01:16:50.000518;6,0678843;7;6,0678843;6,0678843;22;777775;324049916;4711;Siemenslufthaken;505050;10;1111;101_4v5_A4_A4_DM;5,8;6,2;mm;2;2020-02-19 01:16:54.000520;6,01;8;6,01;6,01
254;21;505050_2;777775;324049916;4711;Siemenslufthaken;505050;10;1111;101_4v5_A4_A4_DM;5,8;6,2;mm;2;2020-02-19 01:16:51.000519;6,03;8;6,03;6,03;10;777775;324049916;4711;Siemenslufthaken;505050;10;1111;101_4v5_A4_A4_DM;5,8;6,2;mm;2;2020-02-19 01:15:30.000508;6,0678843;4;6,0678843;6,0678843
255;21;505050_2;777775;324049916;4711;Siemenslufthaken;505050;10;1111;101_4v5_A4_A4_DM;5,8;6,2;mm;2;2020-02-19 01:16:51.000519;6,03;8;6,03;6,03;11;777775;324049916;4711;Siemenslufthaken;505050;10;1111;101_4v5_A4_A4_DM;5,8;6,2;mm;2;2020-02-19 01:15:35.000509;6,03;4;6,03;6,03
256;21;505050_2;777775;324049916;4711;Siemenslufthaken;505050;10;1111;101_4v5_A4_A4_DM;5,8;6,2;mm;2;2020-02-19 01:16:51.000519;6,03;8;6,03;6,03;12;777775;324049916;4711;Siemenslufthaken;505050;10;1111;101_4v5_A4_A4_DM;5,8;6,2;mm;2;2020-02-19 01:15:40.000510;6,04;5;6,04;6,04
257;21;505050_2;777775;324049916;4711;Siemenslufthaken;505050;10;1111;101_4v5_A4_A4_DM;5,8;6,2;mm;2;2020-02-19 01:16:51.000519;6,03;8;6,03;6,03;13;777775;324049916;4711;Siemenslufthaken;505050;10;1111;101_4v5_A4_A4_DM;5,8;6,2;mm;2;2020-02-19 01:15:55.000511;6,0;5;6,0;6,0
258;21;505050_2;777775;324049916;4711;Siemenslufthaken;505050;10;1111;101_4v5_A4_A4_DM;5,8;6,2;mm;2;2020-02-19 01:16:51.000519;6,03;8;6,03;6,03;14;777775;324049916;4711;Siemenslufthaken;505050;10;1111;101_4v5_A4_A4_DM;5,8;6,2;mm;2;2020-02-19 01:15:58.000512;5,94;5;5,94;5,94
259;21;505050_2;777775;324049916;4711;Siemenslufthaken;505050;10;1111;101_4v5_A4_A4_DM;5,8;6,2;mm;2;2020-02-19 01:16:51.000519;6,03;8;6,03;6,03;15;777775;324049916;4711;Siemenslufthaken;505050;10;1111;101_4v5_A4_A4_DM;5,8;6,2;mm;2;2020-02-19 01:16:20.000513;6,322928;6;6,322928;6,322928
260;21;505050_2;777775;324049916;4711;Siemenslufthaken;505050;10;1111;101_4v5_A4_A4_DM;5,8;6,2;mm;2;2020-02-19 01:16:51.000519;6,03;8;6,03;6,03;16;777775;324049916;4711;Siemenslufthaken;505050;10;1111;101_4v5_A4_A4_DM;5,8;6,2;mm;2;2020-02-19 01:16:22.000514;10,0;6;10,0;10,0
261;21;505050_2;777775;324049916;4711;Siemenslufthaken;505050;10;1111;101_4v5_A4_A4_DM;5,8;6,2;mm;2;2020-02-19 01:16:51.000519;6,03;8;6,03;6,03;17;777775;324049916;4711;Siemenslufthaken;505050;10;1111;101_4v5_A4_A4_DM;5,8;6,2;mm;2;2020-02-19 01:16:24.000515;6,2;6;6,2;6,2
262;21;505050_2;777775;324049916;4711;Siemenslufthaken;505050;10;1111;101_4v5_A4_A4_DM;5,8;6,2;mm;2;2020-02-19 01:16:51.000519;6,03;8;6,03;6,03;18;777775;324049916;4711;Siemenslufthaken;505050;10;1111;101_4v5_A4_A4_DM;5,8;6,2;mm;2;2020-02-19 01:16:30.000516;6,05;7;6,05;6,05
263;21;505050_2;777775;324049916;4711;Siemenslufthaken;505050;10;1111;101_4v5_A4_A4_DM;5,8;6,2;mm;2;2020-02-19 01:16:51.000519;6,03;8;6,03;6,03;19;777775;324049916;4711;Siemenslufthaken;505050;10;1111;101_4v5_A4_A4_DM;5,8;6,2;mm;2;2020-02-19 01:16:40.000517;11,003;7;11,003;11,003
264;21;505050_2;777775;324049916;4711;Siemenslufthaken;505050;10;1111;101_4v5_A4_A4_DM;5,8;6,2;mm;2;2020-02-19 01:16:51.000519;6,03;8;6,03;6,03;20;777775;324049916;4711;Siemenslufthaken;505050;10;1111;101_4v5_A4_A4_DM;5,8;6,2;mm;2;2020-02-19 01:16:50.000518;6,0678843;7;6,0678843;6,0678843
265;21;505050_2;777775;324049916;4711;Siemenslufthaken;505050;10;1111;101_4v5_A4_A4_DM;5,8;6,2;mm;2;2020-02-19 01:16:51.000519;6,03;8;6,03;6,03;21;777775;324049916;4711;Siemenslufthaken;505050;10;1111;101_4v5_A4_A4_DM;5,8;6,2;mm;2;2020-02-19 01:16:51.000519;6,03;8;6,03;6,03
266;21;505050_2;777775;324049916;4711;Siemenslufthaken;505050;10;1111;101_4v5_A4_A4_DM;5,8;6,2;mm;2;2020-02-19 01:16:51.000519;6,03;8;6,03;6,03;22;777775;324049916;4711;Siemenslufthaken;505050;10;1111;101_4v5_A4_A4_DM;5,8;6,2;mm;2;2020-02-19 01:16:52.000520;6,04;8;6,04;1,0
267;21;505050_2;777775;324049916;4711;Siemenslufthaken;505050;10;1111;101_4v5_A4_A4_DM;5,8;6,2;mm;2;2020-02-19 01:16:51.000519;6,03;8;6,03;6,03;22;777775;324049916;4711;Siemenslufthaken;505050;10;1111;101_4v5_A4_A4_DM;5,8;6,2;mm;2;2020-02-19 01:16:54.000520;6,01;8;6,01;6,01
268;22;505050_2;777775;324049916;4711;Siemenslufthaken;505050;10;1111;101_4v5_A4_A4_DM;5,8;6,2;mm;2;2020-02-19 01:16:52.000520;6,04;8;6,04;1,0;10;777775;324049916;4711;Siemenslufthaken;505050;10;1111;101_4v5_A4_A4_DM;5,8;6,2;mm;2;2020-02-19 01:15:30.000508;6,0678843;4;6,0678843;6,0678843
269;22;505050_2;777775;324049916;4711;Siemenslufthaken;505050;10;1111;101_4v5_A4_A4_DM;5,8;6,2;mm;2;2020-02-19 01:16:52.000520;6,04;8;6,04;1,0;11;777775;324049916;4711;Siemenslufthaken;505050;10;1111;101_4v5_A4_A4_DM;5,8;6,2;mm;2;2020-02-19 01:15:35.000509;6,03;4;6,03;6,03
270;22;505050_2;777775;324049916;4711;Siemenslufthaken;505050;10;1111;101_4v5_A4_A4_DM;5,8;6,2;mm;2;2020-02-19 01:16:52.000520;6,04;8;6,04;1,0;12;777775;324049916;4711;Siemenslufthaken;505050;10;1111;101_4v5_A4_A4_DM;5,8;6,2;mm;2;2020-02-19 01:15:40.000510;6,04;5;6,04;6,04
271;22;505050_2;777775;324049916;4711;Siemenslufthaken;505050;10;1111;101_4v5_A4_A4_DM;5,8;6,2;mm;2;2020-02-19 01:16:52.000520;6,04;8;6,04;1,0;13;777775;324049916;4711;Siemenslufthaken;505050;10;1111;101_4v5_A4_A4_DM;5,8;6,2;mm;2;2020-02-19 01:15:55.000511;6,0;5;6,0;6,0
272;22;505050_2;777775;324049916;4711;Siemenslufthaken;505050;10;1111;101_4v5_A4_A4_DM;5,8;6,2;mm;2;2020-02-19 01:16:52.000520;6,04;8;6,04;1,0;14;777775;324049916;4711;Siemenslufthaken;505050;10;1111;101_4v5_A4_A4_DM;5,8;6,2;mm;2;2020-02-19 01:15:58.000512;5,94;5;5,94;5,94
273;22;505050_2;777775;324049916;4711;Siemenslufthaken;505050;10;1111;101_4v5_A4_A4_DM;5,8;6,2;mm;2;2020-02-19 01:16:52.000520;6,04;8;6,04;1,0;15;777775;324049916;4711;Siemenslufthaken;505050;10;1111;101_4v5_A4_A4_DM;5,8;6,2;mm;2;2020-02-19 01:16:20.000513;6,322928;6;6,322928;6,322928
274;22;505050_2;777775;324049916;4711;Siemenslufthaken;505050;10;1111;101_4v5_A4_A4_DM;5,8;6,2;mm;2;2020-02-19 01:16:52.000520;6,04;8;6,04;1,0;16;777775;324049916;4711;Siemenslufthaken;505050;10;1111;101_4v5_A4_A4_DM;5,8;6,2;mm;2;2020-02-19 01:16:22.000514;10,0;6;10,0;10,0
275;22;505050_2;777775;324049916;4711;Siemenslufthaken;505050;10;1111;101_4v5_A4_A4_DM;5,8;6,2;mm;2;2020-02-19 01:16:52.000520;6,04;8;6,04;1,0;17;777775;324049916;4711;Siemenslufthaken;505050;10;1111;101_4v5_A4_A4_DM;5,8;6,2;mm;2;2020-02-19 01:16:24.000515;6,2;6;6,2;6,2
276;22;505050_2;777775;324049916;4711;Siemenslufthaken;505050;10;1111;101_4v5_A4_A4_DM;5,8;6,2;mm;2;2020-02-19 01:16:52.000520;6,04;8;6,04;1,0;18;777775;324049916;4711;Siemenslufthaken;505050;10;1111;101_4v5_A4_A4_DM;5,8;6,2;mm;2;2020-02-19 01:16:30.000516;6,05;7;6,05;6,05
277;22;505050_2;777775;324049916;4711;Siemenslufthaken;505050;10;1111;101_4v5_A4_A4_DM;5,8;6,2;mm;2;2020-02-19 01:16:52.000520;6,04;8;6,04;1,0;19;777775;324049916;4711;Siemenslufthaken;505050;10;1111;101_4v5_A4_A4_DM;5,8;6,2;mm;2;2020-02-19 01:16:40.000517;11,003;7;11,003;11,003
278;22;505050_2;777775;324049916;4711;Siemenslufthaken;505050;10;1111;101_4v5_A4_A4_DM;5,8;6,2;mm;2;2020-02-19 01:16:52.000520;6,04;8;6,04;1,0;20;777775;324049916;4711;Siemenslufthaken;505050;10;1111;101_4v5_A4_A4_DM;5,8;6,2;mm;2;2020-02-19 01:16:50.000518;6,0678843;7;6,0678843;6,0678843
279;22;505050_2;777775;324049916;4711;Siemenslufthaken;505050;10;1111;101_4v5_A4_A4_DM;5,8;6,2;mm;2;2020-02-19 01:16:52.000520;6,04;8;6,04;1,0;21;777775;324049916;4711;Siemenslufthaken;505050;10;1111;101_4v5_A4_A4_DM;5,8;6,2;mm;2;2020-02-19 01:16:51.000519;6,03;8;6,03;6,03
280;22;505050_2;777775;324049916;4711;Siemenslufthaken;505050;10;1111;101_4v5_A4_A4_DM;5,8;6,2;mm;2;2020-02-19 01:16:52.000520;6,04;8;6,04;1,0;22;777775;324049916;4711;Siemenslufthaken;505050;10;1111;101_4v5_A4_A4_DM;5,8;6,2;mm;2;2020-02-19 01:16:52.000520;6,04;8;6,04;1,0
281;22;505050_2;777775;324049916;4711;Siemenslufthaken;505050;10;1111;101_4v5_A4_A4_DM;5,8;6,2;mm;2;2020-02-19 01:16:52.000520;6,04;8;6,04;1,0;22;777775;324049916;4711;Siemenslufthaken;505050;10;1111;101_4v5_A4_A4_DM;5,8;6,2;mm;2;2020-02-19 01:16:54.000520;6,01;8;6,01;6,01
282;22;505050_2;777775;324049916;4711;Siemenslufthaken;505050;10;1111;101_4v5_A4_A4_DM;5,8;6,2;mm;2;2020-02-19 01:16:54.000520;6,01;8;6,01;6,01;10;777775;324049916;4711;Siemenslufthaken;505050;10;1111;101_4v5_A4_A4_DM;5,8;6,2;mm;2;2020-02-19 01:15:30.000508;6,0678843;4;6,0678843;6,0678843
283;22;505050_2;777775;324049916;4711;Siemenslufthaken;505050;10;1111;101_4v5_A4_A4_DM;5,8;6,2;mm;2;2020-02-19 01:16:54.000520;6,01;8;6,01;6,01;11;777775;324049916;4711;Siemenslufthaken;505050;10;1111;101_4v5_A4_A4_DM;5,8;6,2;mm;2;2020-02-19 01:15:35.000509;6,03;4;6,03;6,03
284;22;505050_2;777775;324049916;4711;Siemenslufthaken;505050;10;1111;101_4v5_A4_A4_DM;5,8;6,2;mm;2;2020-02-19 01:16:54.000520;6,01;8;6,01;6,01;12;777775;324049916;4711;Siemenslufthaken;505050;10;1111;101_4v5_A4_A4_DM;5,8;6,2;mm;2;2020-02-19 01:15:40.000510;6,04;5;6,04;6,04
285;22;505050_2;777775;324049916;4711;Siemenslufthaken;505050;10;1111;101_4v5_A4_A4_DM;5,8;6,2;mm;2;2020-02-19 01:16:54.000520;6,01;8;6,01;6,01;13;777775;324049916;4711;Siemenslufthaken;505050;10;1111;101_4v5_A4_A4_DM;5,8;6,2;mm;2;2020-02-19 01:15:55.000511;6,0;5;6,0;6,0
286;22;505050_2;777775;324049916;4711;Siemenslufthaken;505050;10;1111;101_4v5_A4_A4_DM;5,8;6,2;mm;2;2020-02-19 01:16:54.000520;6,01;8;6,01;6,01;14;777775;324049916;4711;Siemenslufthaken;505050;10;1111;101_4v5_A4_A4_DM;5,8;6,2;mm;2;2020-02-19 01:15:58.000512;5,94;5;5,94;5,94
287;22;505050_2;777775;324049916;4711;Siemenslufthaken;505050;10;1111;101_4v5_A4_A4_DM;5,8;6,2;mm;2;2020-02-19 01:16:54.000520;6,01;8;6,01;6,01;15;777775;324049916;4711;Siemenslufthaken;505050;10;1111;101_4v5_A4_A4_DM;5,8;6,2;mm;2;2020-02-19 01:16:20.000513;6,322928;6;6,322928;6,322928
288;22;505050_2;777775;324049916;4711;Siemenslufthaken;505050;10;1111;101_4v5_A4_A4_DM;5,8;6,2;mm;2;2020-02-19 01:16:54.000520;6,01;8;6,01;6,01;16;777775;324049916;4711;Siemenslufthaken;505050;10;1111;101_4v5_A4_A4_DM;5,8;6,2;mm;2;2020-02-19 01:16:22.000514;10,0;6;10,0;10,0
289;22;505050_2;777775;324049916;4711;Siemenslufthaken;505050;10;1111;101_4v5_A4_A4_DM;5,8;6,2;mm;2;2020-02-19 01:16:54.000520;6,01;8;6,01;6,01;17;777775;324049916;4711;Siemenslufthaken;505050;10;1111;101_4v5_A4_A4_DM;5,8;6,2;mm;2;2020-02-19 01:16:24.000515;6,2;6;6,2;6,2
290;22;505050_2;777775;324049916;4711;Siemenslufthaken;505050;10;1111;101_4v5_A4_A4_DM;5,8;6,2;mm;2;2020-02-19 01:16:54.000520;6,01;8;6,01;6,01;18;777775;324049916;4711;Siemenslufthaken;505050;10;1111;101_4v5_A4_A4_DM;5,8;6,2;mm;2;2020-02-19 01:16:30.000516;6,05;7;6,05;6,05
291;22;505050_2;777775;324049916;4711;Siemenslufthaken;505050;10;1111;101_4v5_A4_A4_DM;5,8;6,2;mm;2;2020-02-19 01:16:54.000520;6,01;8;6,01;6,01;19;777775;324049916;4711;Siemenslufthaken;505050;10;1111;101_4v5_A4_A4_DM;5,8;6,2;mm;2;2020-02-19 01:16:40.000517;11,003;7;11,003;11,003
292;22;505050_2;777775;324049916;4711;Siemenslufthaken;505050;10;1111;101_4v5_A4_A4_DM;5,8;6,2;mm;2;2020-02-19 01:16:54.000520;6,01;8;6,01;6,01;20;777775;324049916;4711;Siemenslufthaken;505050;10;1111;101_4v5_A4_A4_DM;5,8;6,2;mm;2;2020-02-19 01:16:50.000518;6,0678843;7;6,0678843;6,0678843
293;22;505050_2;777775;324049916;4711;Siemenslufthaken;505050;10;1111;101_4v5_A4_A4_DM;5,8;6,2;mm;2;2020-02-19 01:16:54.000520;6,01;8;6,01;6,01;21;777775;324049916;4711;Siemenslufthaken;505050;10;1111;101_4v5_A4_A4_DM;5,8;6,2;mm;2;2020-02-19 01:16:51.000519;6,03;8;6,03;6,03
294;22;505050_2;777775;324049916;4711;Siemenslufthaken;505050;10;1111;101_4v5_A4_A4_DM;5,8;6,2;mm;2;2020-02-19 01:16:54.000520;6,01;8;6,01;6,01;22;777775;324049916;4711;Siemenslufthaken;505050;10;1111;101_4v5_A4_A4_DM;5,8;6,2;mm;2;2020-02-19 01:16:52.000520;6,04;8;6,04;1,0
295;22;505050_2;777775;324049916;4711;Siemenslufthaken;505050;10;1111;101_4v5_A4_A4_DM;5,8;6,2;mm;2;2020-02-19 01:16:54.000520;6,01;8;6,01;6,01;22;777775;324049916;4711;Siemenslufthaken;505050;10;1111;101_4v5_A4_A4_DM;5,8;6,2;mm;2;2020-02-19 01:16:54.000520;6,01;8;6,01;6,01
